Ftx,Huobi,Okex
52168,52168,52168
52168,52168,52168
52848,52848,52848
52970,52970,52970
52970,52970,52970
53151,53151,53151
53342,53342,53342
53342,53342,53342
53437,53437,53437
52975,52975,52975
52975,52975,52975
53241,53241,53241
53222,53222,53222
53222,53222,53222
53079,53079,53079
52701,52701,52701
52701,52701,52701
52681,52681,52681
52675,52675,52675
52675,52675,52675
52598,52598,52598
52597,52597,52597
52597,52597,52597
52681,52681,52681
52940,52940,52940
52940,52940,52940
52860,52860,52860
53078,53078,53078
53078,53078,53078
52992,52992,52992
54579,54579,54579
54579,54579,54579
55822,55822,55822
56265,56265,56265
56265,56265,56265
56351,56351,56351
56923,56923,56923
56923,56923,56923
57038,57038,57038
57011,57011,57011
57011,57011,57011
56589,56589,56589
56588,56588,56588
56588,56588,56588
57039,57039,57039
57041,57041,57041
57041,57041,57041
56956,56956,56956
57107,57107,57107
57107,57107,57107
57494,57494,57494
57614,57614,57614
57614,57614,57614
57634,57634,57634
56855,56855,56855
56855,56855,56855
56890,56890,56890
57043,57043,57043
57043,57043,57043
57072,57072,57072
57254,57254,57254
57254,57254,57254
57184,57184,57184
57025,57025,57025
57025,57025,57025
57380,57380,57380
56806,56806,56806
56806,56806,56806
57631,57631,57631
57673,57673,57673
57673,57673,57673
57706,57706,57706
57598,57598,57598
57598,57598,57598
57870,57870,57870
58136,58136,58136
58136,58136,58136
58012,58012,58012
58492,58492,58492
58492,58492,58492
58905,58905,58905
59092,59092,59092
59092,59092,59092
59258,59258,59258
58162,58162,58162
58162,58162,58162
57037,57037,57037
57316,57316,57316
57316,57316,57316
56820,56820,56820
56706,56706,56706
56706,56706,56706
56650,56650,56650
55959,55959,55959
55959,55959,55959
55968,55968,55968
55933,55933,55933
55933,55933,55933
55971,55971,55971
55963,55963,55963
55963,55963,55963
55749,55749,55749
56763,56763,56763
56763,56763,56763
56470,56470,56470
56469,56469,56469
56469,56469,56469
56846,56846,56846
56911,56911,56911
56911,56911,56911
56834,56834,56834
56550,56550,56550
56550,56550,56550
56595,56595,56595
57283,57283,57283
57283,57283,57283
57264,57264,57264
57264,57264,57264
57809,57809,57809
57796,57796,57796
57796,57796,57796
57872,57872,57872
57852,57852,57852
57852,57852,57852
57997,57997,57997
58035,58035,58035
58164,58164,58164
58164,58164,58164
58077,58077,58077
58231,58231,58231
58231,58231,58231
57030,57030,57030
58691,58691,58691
58691,58691,58691
59006,59006,59006
59103,59103,59103
59103,59103,59103
58572,58572,58572
58413,58413,58413
58413,58413,58413
58282,58282,58282
58282,58282,58282
58053,58053,58053
57644,57644,57644
57644,57644,57644
57382,57382,57382
57202,57202,57202
57202,57202,57202
57422,57422,57422
57342,57342,57342
57342,57342,57342
57345,57345,57345
57145,57145,57145
57145,57145,57145
57173,57173,57173
57189,57189,57189
57189,57189,57189
57045,57045,57045
56949,56949,56949
56949,56949,56949
56743,56743,56743
56790,56790,56790
56790,56790,56790
56666,56666,56666
56650,56650,56650
56812,56812,56812
56812,56812,56812
56919,56919,56919
56919,56919,56919
57058,57058,57058
56980,56980,56980
56980,56980,56980
56333,56333,56333
56277,56277,56277
56277,56277,56277
56635,56635,56635
56892,56892,56892
56892,56892,56892
56758,56758,56758
56461,56461,56461
56461,56461,56461
56313,56313,56313
56355,56355,56355
56355,56355,56355
56898,56898,56898
56792,56792,56792
56792,56792,56792
56501,56501,56501
57655,57655,57655
57655,57655,57655
57767,57767,57767
57842,57842,57842
57842,57842,57842
57687,57687,57687
57551,57551,57551
57551,57551,57551
57458,57458,57458
57544,57544,57544
57544,57544,57544
57260,57260,57260
57369,57369,57369
57369,57369,57369
57250,57250,57250
57089,57089,57089
57089,57089,57089
57158,57158,57158
56951,56951,56951
56951,56951,56951
56784,56784,56784
56802,56802,56802
56802,56802,56802
56761,56761,56761
56146,56146,56146
56146,56146,56146
55977,55977,55977
55951,55951,55951
55951,55951,55951
55837,55837,55837
55823,55823,55823
55823,55823,55823
55944,55944,55944
56102,56102,56102
56102,56102,56102
56213,56213,56213
56667,56667,56667
56667,56667,56667
56470,56470,56470
57082,57082,57082
57082,57082,57082
56906,56906,56906
56346,56346,56346
56346,56346,56346
56332,56332,56332
56363,56363,56363
56363,56363,56363
56035,56035,56035
56290,56290,56290
56290,56290,56290
56365,56365,56365
56319,56319,56319
56319,56319,56319
55582,55582,55582
56385,56385,56385
56385,56385,56385
55623,55623,55623
56008,56008,56008
56008,56008,56008
55112,55112,55112
55261,55261,55261
55261,55261,55261
55362,55362,55362
55174,55174,55174
55174,55174,55174
55290,55290,55290
56494,56494,56494
56494,56494,56494
55086,55086,55086
55428,55428,55428
55428,55428,55428
55425,55425,55425
55908,55908,55908
55908,55908,55908
55841,55841,55841
55664,55664,55664
55664,55664,55664
56033,56033,56033
56578,56578,56578
56578,56578,56578
56497,56497,56497
56578,56578,56578
56578,56578,56578
56845,56845,56845
57009,57009,57009
57009,57009,57009
57139,57139,57139
57085,57085,57085
57085,57085,57085
57231,57231,57231
57198,57198,57198
57198,57198,57198
57086,57086,57086
56744,56744,56744
56744,56744,56744
56475,56475,56475
55643,55643,55643
55643,55643,55643
55721,55721,55721
56022,56022,56022
56022,56022,56022
56139,56139,56139
56257,56257,56257
56257,56257,56257
55554,55554,55554
53669,53669,53669
53669,53669,53669
53086,53086,53086
52847,52847,52847
52847,52847,52847
52445,52445,52445
52293,52293,52293
52293,52293,52293
52067,52067,52067
51863,51863,51863
51863,51863,51863
51991,51991,51991
52007,52007,52007
52007,52007,52007
51919,51919,51919
52072,52072,52072
52072,52072,52072
52191,52191,52191
51925,51925,51925
51925,51925,51925
51613,51613,51613
51519,51519,51519
51519,51519,51519
51392,51392,51392
51206,51206,51206
51206,51206,51206
51504,51504,51504
51237,51237,51237
51237,51237,51237
51347,51347,51347
51650,51650,51650
51650,51650,51650
51669,51669,51669
51775,51775,51775
51775,51775,51775
52034,52034,52034
51917,51917,51917
51917,51917,51917
51904,51904,51904
52011,52011,52011
52011,52011,52011
52458,52458,52458
52470,52470,52470
52470,52470,52470
52262,52262,52262
52257,52257,52257
52257,52257,52257
51957,51957,51957
52019,52019,52019
52019,52019,52019
52314,52314,52314
52259,52259,52259
52259,52259,52259
52689,52689,52689
52455,52455,52455
52455,52455,52455
52378,52378,52378
52178,52178,52178
52178,52178,52178
52381,52381,52381
52279,52279,52279
52279,52279,52279
52820,52820,52820
53676,53676,53676
53676,53676,53676
53782,53782,53782
53515,53515,53515
53515,53515,53515
53815,53815,53815
53928,53928,53928
53928,53928,53928
54249,54249,54249
53993,53993,53993
53993,53993,53993
54136,54136,54136
53712,53712,53712
53712,53712,53712
54165,54165,54165
54264,54264,54264
54264,54264,54264
54376,54376,54376
56381,56381,56381
56381,56381,56381
55850,55850,55850
55728,55728,55728
55728,55728,55728
55664,55664,55664
55538,55538,55538
55538,55538,55538
55376,55376,55376
55278,55278,55278
55278,55278,55278
55461,55461,55461
55382,55382,55382
55382,55382,55382
55221,55221,55221
55310,55310,55310
55310,55310,55310
55533,55533,55533
55572,55572,55572
55572,55572,55572
55567,55567,55567
55135,55135,55135
55135,55135,55135
55509,55509,55509
55027,55027,55027
55027,55027,55027
55097,55097,55097
54904,54904,54904
54904,54904,54904
55052,55052,55052
55200,55200,55200
55200,55200,55200
55537,55537,55537
55396,55396,55396
55396,55396,55396
55597,55597,55597
55654,55654,55654
55654,55654,55654
55788,55788,55788
56077,56077,56077
56077,56077,56077
56358,56358,56358
56537,56537,56537
56537,56537,56537
56647,56647,56647
56050,56050,56050
56050,56050,56050
56687,56687,56687
56729,56729,56729
56729,56729,56729
57075,57075,57075
57074,57074,57074
57074,57074,57074
57073,57073,57073
57042,57042,57042
57042,57042,57042
57173,57173,57173
57156,57156,57156
57156,57156,57156
57176,57176,57176
57177,57177,57177
57177,57177,57177
57166,57166,57166
57143,57143,57143
57143,57143,57143
57035,57035,57035
56842,56842,56842
56842,56842,56842
56967,56967,56967
57063,57063,57063
57063,57063,57063
57452,57452,57452
57648,57648,57648
57648,57648,57648
57845,57845,57845
57966,57966,57966
57966,57966,57966
58500,58500,58500
58415,58415,58415
58415,58415,58415
58299,58299,58299
58289,58289,58289
58289,58289,58289
58353,58353,58353
58215,58215,58215
58215,58215,58215
56814,56814,56814
56949,56949,56949
56949,56949,56949
56972,56972,56972
54361,54361,54361
54361,54361,54361
54290,54290,54290
54265,54265,54265
54265,54265,54265
54414,54414,54414
53546,53546,53546
53546,53546,53546
53605,53605,53605
53689,53689,53689
53689,53689,53689
53773,53773,53773
53513,53513,53513
53513,53513,53513
53358,53358,53358
53380,53380,53380
53380,53380,53380
53075,53075,53075
53096,53096,53096
53096,53096,53096
53489,53489,53489
53288,53288,53288
53288,53288,53288
52888,52888,52888
52698,52698,52698
52698,52698,52698
52666,52666,52666
52748,52748,52748
52748,52748,52748
53186,53186,53186
53150,53150,53150
53150,53150,53150
53413,53413,53413
53502,53502,53502
53502,53502,53502
53207,53207,53207
52979,52979,52979
52979,52979,52979
52915,52915,52915
52965,52965,52965
52965,52965,52965
52767,52767,52767
52193,52193,52193
52193,52193,52193
52265,52265,52265
52204,52204,52204
52204,52204,52204
52312,52312,52312
53093,53093,53093
53093,53093,53093
53070,53070,53070
53325,53325,53325
53325,53325,53325
53459,53459,53459
53780,53780,53780
53780,53780,53780
53939,53939,53939
53706,53706,53706
53706,53706,53706
53641,53641,53641
53641,53641,53641
52841,52841,52841
53264,53264,53264
53264,53264,53264
52752,52752,52752
52638,52638,52638
52638,52638,52638
52672,52672,52672
52880,52880,52880
53690,53690,53690
53690,53690,53690
53328,53328,53328
53545,53545,53545
53545,53545,53545
53675,53675,53675
53692,53692,53692
53692,53692,53692
53553,53553,53553
54150,54150,54150
54150,54150,54150
54244,54244,54244
54039,54039,54039
54039,54039,54039
54101,54101,54101
54101,54101,54101
53953,53953,53953
53987,53987,53987
53987,53987,53987
54518,54518,54518
54548,54548,54548
54548,54548,54548
54597,54597,54597
54617,54617,54617
54617,54617,54617
54689,54689,54689
54498,54498,54498
54498,54498,54498
54601,54601,54601
54630,54630,54630
54630,54630,54630
54629,54629,54629
54990,54990,54990
54990,54990,54990
55020,55020,55020
54748,54748,54748
54842,54842,54842
54842,54842,54842
54875,54875,54875
54608,54608,54608
54608,54608,54608
54773,54773,54773
54773,54773,54773
54796,54796,54796
53700,53700,53700
53700,53700,53700
52850,52850,52850
52826,52826,52826
52826,52826,52826
52887,52887,52887
53326,53326,53326
53326,53326,53326
53195,53195,53195
53200,53200,53200
53200,53200,53200
53277,53277,53277
53032,53032,53032
53032,53032,53032
52704,52704,52704
53054,53054,53054
53054,53054,53054
52761,52761,52761
52976,52976,52976
52976,52976,52976
52448,52448,52448
51971,51971,51971
51971,51971,51971
51910,51910,51910
51853,51853,51853
51853,51853,51853
51732,51732,51732
51643,51643,51643
51643,51643,51643
51822,51822,51822
52063,52063,52063
52063,52063,52063
52600,52600,52600
53165,53165,53165
53165,53165,53165
52989,52989,52989
53139,53139,53139
53139,53139,53139
53561,53561,53561
54420,54420,54420
54420,54420,54420
54561,54561,54561
54611,54611,54611
54611,54611,54611
54443,54443,54443
54312,54312,54312
54312,54312,54312
54439,54439,54439
54275,54275,54275
54275,54275,54275
54286,54286,54286
54398,54398,54398
54398,54398,54398
54481,54481,54481
54339,54339,54339
54339,54339,54339
54296,54296,54296
55202,55202,55202
55202,55202,55202
55614,55614,55614
59263,59263,59263
59263,59263,59263
60824,60824,60824
60989,60989,60989
60989,60989,60989
59971,59971,59971
59081,59081,59081
59081,59081,59081
58861,58861,58861
59089,59089,59089
59089,59089,59089
59133,59133,59133
59156,59156,59156
59156,59156,59156
53553,53553,53553
53715,53715,53715
53715,53715,53715
53202,53202,53202
52748,52748,52748
52748,52748,52748
52745,52745,52745
52757,52757,52757
52757,52757,52757
52771,52771,52771
52652,52652,52652
52652,52652,52652
52649,52649,52649
52563,52563,52563
52563,52563,52563
52301,52301,52301
52336,52336,52336
52336,52336,52336
52305,52305,52305
52294,52294,52294
52294,52294,52294
52344,52344,52344
52456,52456,52456
52456,52456,52456
52356,52356,52356
52219,52219,52219
52219,52219,52219
51943,51943,51943
51367,51367,51367
51367,51367,51367
51177,51177,51177
51219,51219,51219
51219,51219,51219
50762,50762,50762
50882,50882,50882
50882,50882,50882
50762,50762,50762
50636,50636,50636
50636,50636,50636
50531,50531,50531
50022,50022,50022
50022,50022,50022
50320,50320,50320
50517,50517,50517
50517,50517,50517
50641,50641,50641
50532,50532,50532
50532,50532,50532
50625,50625,50625
50891,50891,50891
50891,50891,50891
50521,50521,50521
50552,50552,50552
50552,50552,50552
50517,50517,50517
50586,50586,50586
50586,50586,50586
50427,50427,50427
50380,50380,50380
50380,50380,50380
50745,50745,50745
50642,50642,50642
50642,50642,50642
50441,50441,50441
49882,49882,49882
49882,49882,49882
49707,49707,49707
50190,50190,50190
50190,50190,50190
48360,48360,48360
48177,48177,48177
48177,48177,48177
48193,48193,48193
48494,48494,48494
48494,48494,48494
48437,48437,48437
48773,48773,48773
48773,48773,48773
48810,48810,48810
48828,48828,48828
48828,48828,48828
49008,49008,49008
48732,48732,48732
48732,48732,48732
48676,48676,48676
48161,48161,48161
48161,48161,48161
48160,48160,48160
48071,48071,48071
48071,48071,48071
48108,48108,48108
48276,48276,48276
48276,48276,48276
48077,48077,48077
47929,47929,47929
47929,47929,47929
47819,47819,47819
47685,47685,47685
47685,47685,47685
47722,47722,47722
47463,47463,47463
47463,47463,47463
47277,47277,47277
47174,47174,47174
47174,47174,47174
47129,47129,47129
47151,47151,47151
47151,47151,47151
46758,46758,46758
47134,47134,47134
47134,47134,47134
47191,47191,47191
46844,46844,46844
46844,46844,46844
47127,47127,47127
47339,47339,47339
47339,47339,47339
47406,47406,47406
47378,47378,47378
47378,47378,47378
47362,47362,47362
47235,47235,47235
47235,47235,47235
47161,47161,47161
47155,47155,47155
47155,47155,47155
47050,47050,47050
46869,46869,46869
46869,46869,46869
46815,46815,46815
46576,46576,46576
46576,46576,46576
46662,46662,46662
46237,46237,46237
46237,46237,46237
46307,46307,46307
46988,46988,46988
46988,46988,46988
46154,46154,46154
46221,46221,46221
46221,46221,46221
46356,46356,46356
46603,46603,46603
46603,46603,46603
46869,46869,46869
46898,46898,46898
46898,46898,46898
46794,46794,46794
46824,46824,46824
46824,46824,46824
46903,46903,46903
46918,46918,46918
46918,46918,46918
47094,47094,47094
46906,46906,46906
46906,46906,46906
46843,46843,46843
47070,47070,47070
47070,47070,47070
47235,47235,47235
47391,47391,47391
47391,47391,47391
47471,47471,47471
47774,47774,47774
47774,47774,47774
47752,47752,47752
47781,47781,47781
47781,47781,47781
48023,48023,48023
48111,48111,48111
48111,48111,48111
48493,48493,48493
48428,48428,48428
48428,48428,48428
48288,48288,48288
48166,48166,48166
48166,48166,48166
49669,49669,49669
49848,49848,49848
49848,49848,49848
50594,50594,50594
51149,51149,51149
51149,51149,51149
51469,51469,51469
51652,51652,51652
51652,51652,51652
51051,51051,51051
50818,50818,50818
50818,50818,50818
50892,50892,50892
50407,50407,50407
50407,50407,50407
50621,50621,50621
50220,50220,50220
50220,50220,50220
50428,50428,50428
50368,50368,50368
50368,50368,50368
51163,51163,51163
52039,52039,52039
52039,52039,52039
49320,49320,49320
48624,48624,48624
48624,48624,48624
48479,48479,48479
48255,48255,48255
48255,48255,48255
48778,48778,48778
48572,48572,48572
48572,48572,48572
48636,48636,48636
48536,48536,48536
48536,48536,48536
48513,48513,48513
48310,48310,48310
48310,48310,48310
48517,48517,48517
48578,48578,48578
48578,48578,48578
48342,48342,48342
48735,48735,48735
48735,48735,48735
48759,48759,48759
48598,48598,48598
48598,48598,48598
48476,48476,48476
48415,48415,48415
48415,48415,48415
48396,48396,48396
48424,48424,48424
48424,48424,48424
48262,48262,48262
48596,48596,48596
48596,48596,48596
48557,48557,48557
48532,48532,48532
48532,48532,48532
48087,48087,48087
48020,48020,48020
48020,48020,48020
47455,47455,47455
47071,47071,47071
47071,47071,47071
46930,46930,46930
47186,47186,47186
47186,47186,47186
47576,47576,47576
48183,48183,48183
48183,48183,48183
48364,48364,48364
48511,48511,48511
48511,48511,48511
48603,48603,48603
48397,48397,48397
48397,48397,48397
48621,48621,48621
48660,48660,48660
48660,48660,48660
48553,48553,48553
48554,48554,48554
48554,48554,48554
48333,48333,48333
47325,47325,47325
47325,47325,47325
47179,47179,47179
47185,47185,47185
47185,47185,47185
47247,47247,47247
47514,47514,47514
47514,47514,47514
47379,47379,47379
47681,47681,47681
47681,47681,47681
47275,47275,47275
47118,47118,47118
47118,47118,47118
46958,46958,46958
46603,46603,46603
46603,46603,46603
47357,47357,47357
47271,47271,47271
47271,47271,47271
47238,47238,47238
47446,47446,47446
47446,47446,47446
47545,47545,47545
47214,47214,47214
47214,47214,47214
47278,47278,47278
47958,47958,47958
47958,47958,47958
48509,48509,48509
48509,48509,48509
48451,48451,48451
48894,48894,48894
48803,48803,48803
48803,48803,48803
48974,48974,48974
49116,49116,49116
49116,49116,49116
49185,49185,49185
48975,48975,48975
48975,48975,48975
48785,48785,48785
48655,48655,48655
48655,48655,48655
48603,48603,48603
48707,48707,48707
48707,48707,48707
48800,48800,48800
48860,48860,48860
48860,48860,48860
48721,48721,48721
48721,48721,48721
48836,48836,48836
48955,48955,48955
48955,48955,48955
48624,48624,48624
48575,48575,48575
48575,48575,48575
48443,48443,48443
48439,48439,48439
48336,48336,48336
48336,48336,48336
48300,48300,48300
49730,49730,49730
49730,49730,49730
49260,49260,49260
49731,49731,49731
49731,49731,49731
49583,49583,49583
49583,49583,49583
50157,50157,50157
50512,50512,50512
50512,50512,50512
51375,51375,51375
51961,51961,51961
51961,51961,51961
51861,51861,51861
52084,52084,52084
52084,52084,52084
51867,51867,51867
51906,51906,51906
51906,51906,51906
51993,51993,51993
51980,51980,51980
51980,51980,51980
52400,52400,52400
51985,51985,51985
51211,51211,51211
51211,51211,51211
51418,51418,51418
51418,51418,51418
51161,51161,51161
51339,51339,51339
51339,51339,51339
51255,51255,51255
50964,50964,50964
52168,52168,52168
52168,52168,52168
52848,52848,52848
52970,52970,52970
52970,52970,52970
53151,53151,53151
53342,53342,53342
53342,53342,53342
53437,53437,53437
52975,52975,52975
52975,52975,52975
53241,53241,53241
53222,53222,53222
53222,53222,53222
53079,53079,53079
52701,52701,52701
52701,52701,52701
52681,52681,52681
52675,52675,52675
52675,52675,52675
52598,52598,52598
52597,52597,52597
52597,52597,52597
52681,52681,52681
52940,52940,52940
52940,52940,52940
52860,52860,52860
53078,53078,53078
53078,53078,53078
52992,52992,52992
54579,54579,54579
54579,54579,54579
55822,55822,55822
56265,56265,56265
56265,56265,56265
56351,56351,56351
56923,56923,56923
56923,56923,56923
57038,57038,57038
57011,57011,57011
57011,57011,57011
56589,56589,56589
56588,56588,56588
56588,56588,56588
57039,57039,57039
57041,57041,57041
57041,57041,57041
56956,56956,56956
57107,57107,57107
57107,57107,57107
57494,57494,57494
57614,57614,57614
57614,57614,57614
57634,57634,57634
56855,56855,56855
56855,56855,56855
56890,56890,56890
57043,57043,57043
57043,57043,57043
57072,57072,57072
57254,57254,57254
57254,57254,57254
57184,57184,57184
57025,57025,57025
57025,57025,57025
57380,57380,57380
56806,56806,56806
56806,56806,56806
57631,57631,57631
57673,57673,57673
57673,57673,57673
57706,57706,57706
57598,57598,57598
57598,57598,57598
57870,57870,57870
58136,58136,58136
58136,58136,58136
58012,58012,58012
58492,58492,58492
58492,58492,58492
58905,58905,58905
59092,59092,59092
59092,59092,59092
59258,59258,59258
58162,58162,58162
58162,58162,58162
57037,57037,57037
57316,57316,57316
57316,57316,57316
56820,56820,56820
56706,56706,56706
56706,56706,56706
56650,56650,56650
55959,55959,55959
55959,55959,55959
55968,55968,55968
55933,55933,55933
55933,55933,55933
55971,55971,55971
55963,55963,55963
55963,55963,55963
55749,55749,55749
56763,56763,56763
56763,56763,56763
56470,56470,56470
56469,56469,56469
56469,56469,56469
56846,56846,56846
56911,56911,56911
56911,56911,56911
56834,56834,56834
56550,56550,56550
56550,56550,56550
56595,56595,56595
57283,57283,57283
57283,57283,57283
57264,57264,57264
57264,57264,57264
57809,57809,57809
57796,57796,57796
57796,57796,57796
57872,57872,57872
57852,57852,57852
57852,57852,57852
57997,57997,57997
58035,58035,58035
58164,58164,58164
58164,58164,58164
58077,58077,58077
58231,58231,58231
58231,58231,58231
57030,57030,57030
58691,58691,58691
58691,58691,58691
59006,59006,59006
59103,59103,59103
59103,59103,59103
58572,58572,58572
58413,58413,58413
58413,58413,58413
58282,58282,58282
58282,58282,58282
58053,58053,58053
57644,57644,57644
57644,57644,57644
57382,57382,57382
57202,57202,57202
57202,57202,57202
57422,57422,57422
57342,57342,57342
57342,57342,57342
57345,57345,57345
57145,57145,57145
57145,57145,57145
57173,57173,57173
57189,57189,57189
57189,57189,57189
57045,57045,57045
56949,56949,56949
56949,56949,56949
56743,56743,56743
56790,56790,56790
56790,56790,56790
56666,56666,56666
56650,56650,56650
56812,56812,56812
56812,56812,56812
56919,56919,56919
56919,56919,56919
57058,57058,57058
56980,56980,56980
56980,56980,56980
56333,56333,56333
56277,56277,56277
56277,56277,56277
56635,56635,56635
56892,56892,56892
56892,56892,56892
56758,56758,56758
56461,56461,56461
56461,56461,56461
56313,56313,56313
56355,56355,56355
56355,56355,56355
56898,56898,56898
56792,56792,56792
56792,56792,56792
56501,56501,56501
57655,57655,57655
57655,57655,57655
57767,57767,57767
57842,57842,57842
57842,57842,57842
57687,57687,57687
57551,57551,57551
57551,57551,57551
57458,57458,57458
57544,57544,57544
57544,57544,57544
57260,57260,57260
57369,57369,57369
57369,57369,57369
57250,57250,57250
57089,57089,57089
57089,57089,57089
57158,57158,57158
56951,56951,56951
56951,56951,56951
56784,56784,56784
56802,56802,56802
56802,56802,56802
56761,56761,56761
56146,56146,56146
56146,56146,56146
55977,55977,55977
55951,55951,55951
55951,55951,55951
55837,55837,55837
55823,55823,55823
55823,55823,55823
55944,55944,55944
56102,56102,56102
56102,56102,56102
56213,56213,56213
56667,56667,56667
56667,56667,56667
56470,56470,56470
57082,57082,57082
57082,57082,57082
56906,56906,56906
56346,56346,56346
56346,56346,56346
56332,56332,56332
56363,56363,56363
56363,56363,56363
56035,56035,56035
56290,56290,56290
56290,56290,56290
56365,56365,56365
56319,56319,56319
56319,56319,56319
55582,55582,55582
56385,56385,56385
56385,56385,56385
55623,55623,55623
56008,56008,56008
56008,56008,56008
55112,55112,55112
55261,55261,55261
55261,55261,55261
55362,55362,55362
55174,55174,55174
55174,55174,55174
55290,55290,55290
56494,56494,56494
56494,56494,56494
55086,55086,55086
55428,55428,55428
55428,55428,55428
55425,55425,55425
55908,55908,55908
55908,55908,55908
55841,55841,55841
55664,55664,55664
55664,55664,55664
56033,56033,56033
56578,56578,56578
56578,56578,56578
56497,56497,56497
56578,56578,56578
56578,56578,56578
56845,56845,56845
57009,57009,57009
57009,57009,57009
57139,57139,57139
57085,57085,57085
57085,57085,57085
57231,57231,57231
57198,57198,57198
57198,57198,57198
57086,57086,57086
56744,56744,56744
56744,56744,56744
56475,56475,56475
55643,55643,55643
55643,55643,55643
55721,55721,55721
56022,56022,56022
56022,56022,56022
56139,56139,56139
56257,56257,56257
56257,56257,56257
55554,55554,55554
53669,53669,53669
53669,53669,53669
53086,53086,53086
52847,52847,52847
52847,52847,52847
52445,52445,52445
52293,52293,52293
52293,52293,52293
52067,52067,52067
51863,51863,51863
51863,51863,51863
51991,51991,51991
52007,52007,52007
52007,52007,52007
51919,51919,51919
52072,52072,52072
52072,52072,52072
52191,52191,52191
51925,51925,51925
51925,51925,51925
51613,51613,51613
51519,51519,51519
51519,51519,51519
51392,51392,51392
51206,51206,51206
51206,51206,51206
51504,51504,51504
51237,51237,51237
51237,51237,51237
51347,51347,51347
51650,51650,51650
51650,51650,51650
51669,51669,51669
51775,51775,51775
51775,51775,51775
52034,52034,52034
51917,51917,51917
51917,51917,51917
51904,51904,51904
52011,52011,52011
52011,52011,52011
52458,52458,52458
52470,52470,52470
52470,52470,52470
52262,52262,52262
52257,52257,52257
52257,52257,52257
51957,51957,51957
52019,52019,52019
52019,52019,52019
52314,52314,52314
52259,52259,52259
52259,52259,52259
52689,52689,52689
52455,52455,52455
52455,52455,52455
52378,52378,52378
52178,52178,52178
52178,52178,52178
52381,52381,52381
52279,52279,52279
52279,52279,52279
52820,52820,52820
53676,53676,53676
53676,53676,53676
53782,53782,53782
53515,53515,53515
53515,53515,53515
53815,53815,53815
53928,53928,53928
53928,53928,53928
54249,54249,54249
53993,53993,53993
53993,53993,53993
54136,54136,54136
53712,53712,53712
53712,53712,53712
54165,54165,54165
54264,54264,54264
54264,54264,54264
54376,54376,54376
56381,56381,56381
56381,56381,56381
55850,55850,55850
55728,55728,55728
55728,55728,55728
55664,55664,55664
55538,55538,55538
55538,55538,55538
55376,55376,55376
55278,55278,55278
55278,55278,55278
55461,55461,55461
55382,55382,55382
55382,55382,55382
55221,55221,55221
55310,55310,55310
55310,55310,55310
55533,55533,55533
55572,55572,55572
55572,55572,55572
55567,55567,55567
55135,55135,55135
55135,55135,55135
55509,55509,55509
55027,55027,55027
55027,55027,55027
55097,55097,55097
54904,54904,54904
54904,54904,54904
55052,55052,55052
55200,55200,55200
55200,55200,55200
55537,55537,55537
55396,55396,55396
55396,55396,55396
55597,55597,55597
55654,55654,55654
55654,55654,55654
55788,55788,55788
56077,56077,56077
56077,56077,56077
56358,56358,56358
56537,56537,56537
56537,56537,56537
56647,56647,56647
56050,56050,56050
56050,56050,56050
56687,56687,56687
56729,56729,56729
56729,56729,56729
57075,57075,57075
57074,57074,57074
57074,57074,57074
57073,57073,57073
57042,57042,57042
57042,57042,57042
57173,57173,57173
57156,57156,57156
57156,57156,57156
57176,57176,57176
57177,57177,57177
57177,57177,57177
57166,57166,57166
57143,57143,57143
57143,57143,57143
57035,57035,57035
56842,56842,56842
56842,56842,56842
56967,56967,56967
57063,57063,57063
57063,57063,57063
57452,57452,57452
57648,57648,57648
57648,57648,57648
57845,57845,57845
57966,57966,57966
57966,57966,57966
58500,58500,58500
58415,58415,58415
58415,58415,58415
58299,58299,58299
58289,58289,58289
58289,58289,58289
58353,58353,58353
58215,58215,58215
58215,58215,58215
56814,56814,56814
56949,56949,56949
56949,56949,56949
56972,56972,56972
54361,54361,54361
54361,54361,54361
54290,54290,54290
54265,54265,54265
54265,54265,54265
54414,54414,54414
53546,53546,53546
53546,53546,53546
53605,53605,53605
53689,53689,53689
53689,53689,53689
53773,53773,53773
53513,53513,53513
53513,53513,53513
53358,53358,53358
53380,53380,53380
53380,53380,53380
53075,53075,53075
53096,53096,53096
53096,53096,53096
53489,53489,53489
53288,53288,53288
53288,53288,53288
52888,52888,52888
52698,52698,52698
52698,52698,52698
52666,52666,52666
52748,52748,52748
52748,52748,52748
53186,53186,53186
53150,53150,53150
53150,53150,53150
53413,53413,53413
53502,53502,53502
53502,53502,53502
53207,53207,53207
52979,52979,52979
52979,52979,52979
52915,52915,52915
52965,52965,52965
52965,52965,52965
52767,52767,52767
52193,52193,52193
52193,52193,52193
52265,52265,52265
52204,52204,52204
52204,52204,52204
52312,52312,52312
53093,53093,53093
53093,53093,53093
53070,53070,53070
53325,53325,53325
53325,53325,53325
53459,53459,53459
53780,53780,53780
53780,53780,53780
53939,53939,53939
53706,53706,53706
53706,53706,53706
53641,53641,53641
53641,53641,53641
52841,52841,52841
53264,53264,53264
53264,53264,53264
52752,52752,52752
52638,52638,52638
52638,52638,52638
52672,52672,52672
52880,52880,52880
53690,53690,53690
53690,53690,53690
53328,53328,53328
53545,53545,53545
53545,53545,53545
53675,53675,53675
53692,53692,53692
53692,53692,53692
53553,53553,53553
54150,54150,54150
54150,54150,54150
54244,54244,54244
54039,54039,54039
54039,54039,54039
54101,54101,54101
54101,54101,54101
53953,53953,53953
53987,53987,53987
53987,53987,53987
54518,54518,54518
54548,54548,54548
54548,54548,54548
54597,54597,54597
54617,54617,54617
54617,54617,54617
54689,54689,54689
54498,54498,54498
54498,54498,54498
54601,54601,54601
54630,54630,54630
54630,54630,54630
54629,54629,54629
54990,54990,54990
54990,54990,54990
55020,55020,55020
54748,54748,54748
54842,54842,54842
54842,54842,54842
54875,54875,54875
54608,54608,54608
54608,54608,54608
54773,54773,54773
54773,54773,54773
54796,54796,54796
53700,53700,53700
53700,53700,53700
52850,52850,52850
52826,52826,52826
52826,52826,52826
52887,52887,52887
53326,53326,53326
53326,53326,53326
53195,53195,53195
53200,53200,53200
53200,53200,53200
53277,53277,53277
53032,53032,53032
53032,53032,53032
52704,52704,52704
53054,53054,53054
53054,53054,53054
52761,52761,52761
52976,52976,52976
52976,52976,52976
52448,52448,52448
51971,51971,51971
51971,51971,51971
51910,51910,51910
51853,51853,51853
51853,51853,51853
51732,51732,51732
51643,51643,51643
51643,51643,51643
51822,51822,51822
52063,52063,52063
52063,52063,52063
52600,52600,52600
53165,53165,53165
53165,53165,53165
52989,52989,52989
53139,53139,53139
53139,53139,53139
53561,53561,53561
54420,54420,54420
54420,54420,54420
54561,54561,54561
54611,54611,54611
54611,54611,54611
54443,54443,54443
54312,54312,54312
54312,54312,54312
54439,54439,54439
54275,54275,54275
54275,54275,54275
54286,54286,54286
54398,54398,54398
54398,54398,54398
54481,54481,54481
54339,54339,54339
54339,54339,54339
54296,54296,54296
55202,55202,55202
55202,55202,55202
55614,55614,55614
59263,59263,59263
59263,59263,59263
60824,60824,60824
60989,60989,60989
60989,60989,60989
59971,59971,59971
59081,59081,59081
59081,59081,59081
58861,58861,58861
59089,59089,59089
59089,59089,59089
59133,59133,59133
59156,59156,59156
59156,59156,59156
53553,53553,53553
53715,53715,53715
53715,53715,53715
53202,53202,53202
52748,52748,52748
52748,52748,52748
52745,52745,52745
52757,52757,52757
52757,52757,52757
52771,52771,52771
52652,52652,52652
52652,52652,52652
52649,52649,52649
52563,52563,52563
52563,52563,52563
52301,52301,52301
52336,52336,52336
52336,52336,52336
52305,52305,52305
52294,52294,52294
52294,52294,52294
52344,52344,52344
52456,52456,52456
52456,52456,52456
52356,52356,52356
52219,52219,52219
52219,52219,52219
51943,51943,51943
51367,51367,51367
51367,51367,51367
51177,51177,51177
51219,51219,51219
51219,51219,51219
50762,50762,50762
50882,50882,50882
50882,50882,50882
50762,50762,50762
50636,50636,50636
50636,50636,50636
50531,50531,50531
50022,50022,50022
50022,50022,50022
50320,50320,50320
50517,50517,50517
50517,50517,50517
50641,50641,50641
50532,50532,50532
50532,50532,50532
50625,50625,50625
50891,50891,50891
50891,50891,50891
50521,50521,50521
50552,50552,50552
50552,50552,50552
50517,50517,50517
50586,50586,50586
50586,50586,50586
50427,50427,50427
50380,50380,50380
50380,50380,50380
50745,50745,50745
50642,50642,50642
50642,50642,50642
50441,50441,50441
49882,49882,49882
49882,49882,49882
49707,49707,49707
50190,50190,50190
50190,50190,50190
48360,48360,48360
48177,48177,48177
48177,48177,48177
48193,48193,48193
48494,48494,48494
48494,48494,48494
48437,48437,48437
48773,48773,48773
48773,48773,48773
48810,48810,48810
48828,48828,48828
48828,48828,48828
49008,49008,49008
48732,48732,48732
48732,48732,48732
48676,48676,48676
48161,48161,48161
48161,48161,48161
48160,48160,48160
48071,48071,48071
48071,48071,48071
48108,48108,48108
48276,48276,48276
48276,48276,48276
48077,48077,48077
47929,47929,47929
47929,47929,47929
47819,47819,47819
47685,47685,47685
47685,47685,47685
47722,47722,47722
47463,47463,47463
47463,47463,47463
47277,47277,47277
47174,47174,47174
47174,47174,47174
47129,47129,47129
47151,47151,47151
47151,47151,47151
46758,46758,46758
47134,47134,47134
47134,47134,47134
47191,47191,47191
46844,46844,46844
46844,46844,46844
47127,47127,47127
47339,47339,47339
47339,47339,47339
47406,47406,47406
47378,47378,47378
47378,47378,47378
47362,47362,47362
47235,47235,47235
47235,47235,47235
47161,47161,47161
47155,47155,47155
47155,47155,47155
47050,47050,47050
46869,46869,46869
46869,46869,46869
46815,46815,46815
46576,46576,46576
46576,46576,46576
46662,46662,46662
46237,46237,46237
46237,46237,46237
46307,46307,46307
46988,46988,46988
46988,46988,46988
46154,46154,46154
46221,46221,46221
46221,46221,46221
46356,46356,46356
46603,46603,46603
46603,46603,46603
46869,46869,46869
46898,46898,46898
46898,46898,46898
46794,46794,46794
46824,46824,46824
46824,46824,46824
46903,46903,46903
46918,46918,46918
46918,46918,46918
47094,47094,47094
46906,46906,46906
46906,46906,46906
46843,46843,46843
47070,47070,47070
47070,47070,47070
47235,47235,47235
47391,47391,47391
47391,47391,47391
47471,47471,47471
47774,47774,47774
47774,47774,47774
47752,47752,47752
47781,47781,47781
47781,47781,47781
48023,48023,48023
48111,48111,48111
48111,48111,48111
48493,48493,48493
48428,48428,48428
48428,48428,48428
48288,48288,48288
48166,48166,48166
48166,48166,48166
49669,49669,49669
49848,49848,49848
49848,49848,49848
50594,50594,50594
51149,51149,51149
51149,51149,51149
51469,51469,51469
51652,51652,51652
51652,51652,51652
51051,51051,51051
50818,50818,50818
50818,50818,50818
50892,50892,50892
50407,50407,50407
50407,50407,50407
50621,50621,50621
50220,50220,50220
50220,50220,50220
50428,50428,50428
50368,50368,50368
50368,50368,50368
51163,51163,51163
52039,52039,52039
52039,52039,52039
49320,49320,49320
48624,48624,48624
48624,48624,48624
48479,48479,48479
48255,48255,48255
48255,48255,48255
48778,48778,48778
48572,48572,48572
48572,48572,48572
48636,48636,48636
48536,48536,48536
48536,48536,48536
48513,48513,48513
48310,48310,48310
48310,48310,48310
48517,48517,48517
48578,48578,48578
48578,48578,48578
48342,48342,48342
48735,48735,48735
48735,48735,48735
48759,48759,48759
48598,48598,48598
48598,48598,48598
48476,48476,48476
48415,48415,48415
48415,48415,48415
48396,48396,48396
48424,48424,48424
48424,48424,48424
48262,48262,48262
48596,48596,48596
48596,48596,48596
48557,48557,48557
48532,48532,48532
48532,48532,48532
48087,48087,48087
48020,48020,48020
48020,48020,48020
47455,47455,47455
47071,47071,47071
47071,47071,47071
46930,46930,46930
47186,47186,47186
47186,47186,47186
47576,47576,47576
48183,48183,48183
48183,48183,48183
48364,48364,48364
48511,48511,48511
48511,48511,48511
48603,48603,48603
48397,48397,48397
48397,48397,48397
48621,48621,48621
48660,48660,48660
48660,48660,48660
48553,48553,48553
48554,48554,48554
48554,48554,48554
48333,48333,48333
47325,47325,47325
47325,47325,47325
47179,47179,47179
47185,47185,47185
47185,47185,47185
47247,47247,47247
47514,47514,47514
47514,47514,47514
47379,47379,47379
47681,47681,47681
47681,47681,47681
47275,47275,47275
47118,47118,47118
47118,47118,47118
46958,46958,46958
46603,46603,46603
46603,46603,46603
47357,47357,47357
47271,47271,47271
47271,47271,47271
47238,47238,47238
47446,47446,47446
47446,47446,47446
47545,47545,47545
47214,47214,47214
47214,47214,47214
47278,47278,47278
47958,47958,47958
47958,47958,47958
48509,48509,48509
48509,48509,48509
48451,48451,48451
48894,48894,48894
48803,48803,48803
48803,48803,48803
48974,48974,48974
49116,49116,49116
49116,49116,49116
49185,49185,49185
48975,48975,48975
48975,48975,48975
48785,48785,48785
48655,48655,48655
48655,48655,48655
48603,48603,48603
48707,48707,48707
48707,48707,48707
48800,48800,48800
48860,48860,48860
48860,48860,48860
48721,48721,48721
48721,48721,48721
48836,48836,48836
48955,48955,48955
48955,48955,48955
48624,48624,48624
48575,48575,48575
48575,48575,48575
48443,48443,48443
48439,48439,48439
48336,48336,48336
48336,48336,48336
48300,48300,48300
49730,49730,49730
49730,49730,49730
49260,49260,49260
49731,49731,49731
49731,49731,49731
49583,49583,49583
49583,49583,49583
50157,50157,50157
50512,50512,50512
50512,50512,50512
51375,51375,51375
51961,51961,51961
51961,51961,51961
51861,51861,51861
52084,52084,52084
52084,52084,52084
51867,51867,51867
51906,51906,51906
51906,51906,51906
51993,51993,51993
51980,51980,51980
51980,51980,51980
52400,52400,52400
51985,51985,51985
51211,51211,51211
51211,51211,51211
51418,51418,51418
51418,51418,51418
51161,51161,51161
51339,51339,51339
51339,51339,51339
51255,51255,51255
50964,50964,50964
33149,33149,33149
33151,33151,33151
33204,33204,33204
33090,33090,33090
33043,33043,33043
33089,33089,33089
33093,33093,33093
33090,33090,33090
33156,33156,33156
33168,33168,33168
33167,33167,33167
33167,33167,33167
33303,33303,33303
33317,33317,33317
33317,33317,33317
33317,33317,33317
33317,33317,33317
33316,33316,33316
33332,33332,33332
33385,33385,33385
33253,33253,33253
33149,33149,33149
33153,33153,33153
33149,33149,33149
33249,33249,33249
33196,33196,33196
33242,33242,33242
33239,33239,33239
33100,33100,33100
33030,33030,33030
37707,37707,37707
37717,37717,37717
37783,37783,37783
37610,37610,37610
37604,37604,37604
37609,37609,37609
37716,37716,37716
37711,37711,37711
37906,37906,37906
37968,37968,37968
37735,37735,37735
37702,37702,37702
37883,37883,37883
37877,37877,37877
37893,37893,37893
37867,37867,37867
37789,37789,37789
37933,37933,37933
38562,38562,38562
38309,38309,38309
38127,38127,38127
38238,38238,38238
38223,38223,38223
38173,38173,38173
38196,38196,38196
38530,38530,38530
38696,38696,38696
38380,38380,38380
38613,38613,38613
39059,39059,39059
39317,39317,39317
39094,39094,39094
39163,39163,39163
39231,39231,39231
39154,39154,39154
39181,39181,39181
39086,39086,39086
39222,39222,39222
39464,39464,39464
39418,39418,39418
39760,39760,39760
40018,40018,40018
39946,39946,39946
38806,38806,38806
39032,39032,39032
39302,39302,39302
38994,38994,38994
38761,38761,38761
39449,39449,39449
39012,39012,39012
39259,39259,39259
38962,38962,38962
38703,38703,38703
38272,38272,38272
38763,38763,38763
38760,38760,38760
38779,38779,38779
38857,38857,38857
39035,39035,39035
38777,38777,38777
38338,38338,38338
38473,38473,38473
38533,38533,38533
38234,38234,38234
38290,38290,38290
38924,38924,38924
40059,40059,40059
39656,39656,39656
39719,39719,39719
39787,39787,39787
39987,39987,39987
39891,39891,39891
39861,39861,39861
40909,40909,40909
41344,41344,41344
41346,41346,41346
40070,40070,40070
40181,40181,40181
39789,39789,39789
40094,40094,40094
40369,40369,40369
40403,40403,40403
40389,40389,40389
40492,40492,40492
40486,40486,40486
40503,40503,40503
39963,39963,39963
39632,39632,39632
40228,40228,40228
39900,39900,39900
40248,40248,40248
40264,40264,40264
40334,40334,40334
39484,39484,39484
39372,39372,39372
39386,39386,39386
39047,39047,39047
39016,39016,39016
39055,39055,39055
39053,39053,39053
39057,39057,39057
39017,39017,39017
39119,39119,39119
39212,39212,39212
39190,39190,39190
38987,38987,38987
38530,38530,38530
38832,38832,38832
38775,38775,38775
38740,38740,38740
38633,38633,38633
38702,38702,38702
38845,38845,38845
38755,38755,38755
38584,38584,38584
38247,38247,38247
38380,38380,38380
38290,38290,38290
38122,38122,38122
38198,38198,38198
38126,38126,38126
38374,38374,38374
38680,38680,38680
38731,38731,38731
38580,38580,38580
38514,38514,38514
38510,38510,38510
38508,38508,38508
38547,38547,38547
38599,38599,38599
38641,38641,38641
38988,38988,38988
39064,39064,39064
39280,39280,39280
39207,39207,39207
39452,39452,39452
39112,39112,39112
39269,39269,39269
39465,39465,39465
39385,39385,39385
39339,39339,39339
39244,39244,39244
39192,39192,39192
39046,39046,39046
39073,39073,39073
39104,39104,39104
38761,38761,38761
38593,38593,38593
38579,38579,38579
38502,38502,38502
38463,38463,38463
38425,38425,38425
38219,38219,38219
38222,38222,38222
37950,37950,37950
37347,37347,37347
37261,37261,37261
37214,37214,37214
37152,37152,37152
37111,37111,37111
37203,37203,37203
37164,37164,37164
37199,37199,37199
37196,37196,37196
37206,37206,37206
37035,37035,37035
37239,37239,37239
37220,37220,37220
37224,37224,37224
37219,37219,37219
37129,37129,37129
37023,37023,37023
36912,36912,36912
36918,36918,36918
37136,37136,37136
37179,37179,37179
37362,37362,37362
37887,37887,37887
37722,37722,37722
37614,37614,37614
37974,37974,37974
37918,37918,37918
37779,37779,37779
37655,37655,37655
37479,37479,37479
37759,37759,37759
37390,37390,37390
37016,37016,37016
37311,37311,37311
37555,37555,37555
37291,37291,37291
37308,37308,37308
37529,37529,37529
37522,37522,37522
37930,37930,37930
37938,37938,37938
37748,37748,37748
38045,38045,38045
37997,37997,37997
38207,38207,38207
38157,38157,38157
38222,38222,38222
38391,38391,38391
38373,38373,38373
38157,38157,38157
38160,38160,38160
38248,38248,38248
38475,38475,38475
38531,38531,38531
38603,38603,38603
38733,38733,38733
38574,38574,38574
38378,38378,38378
38352,38352,38352
38407,38407,38407
38340,38340,38340
38398,38398,38398
38409,38409,38409
38750,38750,38750
38822,38822,38822
38674,38674,38674
38788,38788,38788
38744,38744,38744
38953,38953,38953
39664,39664,39664
39612,39612,39612
39253,39253,39253
38555,38555,38555
38441,38441,38441
38431,38431,38431
38695,38695,38695
38624,38624,38624
38581,38581,38581
38933,38933,38933
38935,38935,38935
39341,39341,39341
39627,39627,39627
39603,39603,39603
39478,39478,39478
39470,39470,39470
39603,39603,39603
39380,39380,39380
39414,39414,39414
39665,39665,39665
39863,39863,39863
40486,40486,40486
38182,38182,38182
38211,38211,38211
38583,38583,38583
38848,38848,38848
39122,39122,39122
39619,39619,39619
38947,38947,38947
39233,39233,39233
39396,39396,39396
39042,39042,39042
39100,39100,39100
39922,39922,39922
39509,39509,39509
38901,38901,38901
38872,38872,38872
39015,39015,39015
39002,39002,39002
39179,39179,39179
39016,39016,39016
39149,39149,39149
39460,39460,39460
39266,39266,39266
39110,39110,39110
39160,39160,39160
39426,39426,39426
39261,39261,39261
39141,39141,39141
38983,38983,38983
38928,38928,38928
38856,38856,38856
38985,38985,38985
38919,38919,38919
39026,39026,39026
38619,38619,38619
38344,38344,38344
38353,38353,38353
38330,38330,38330
38389,38389,38389
38219,38219,38219
38570,38570,38570
38707,38707,38707
38640,38640,38640
38561,38561,38561
38540,38540,38540
38648,38648,38648
38180,38180,38180
37988,37988,37988
37085,37085,37085
37167,37167,37167
37106,37106,37106
36973,36973,36973
36847,36847,36847
36858,36858,36858
36732,36732,36732
36835,36835,36835
37137,37137,37137
36710,36710,36710
36774,36774,36774
36894,36894,36894
36899,36899,36899
37182,37182,37182
36849,36849,36849
36907,36907,36907
37014,37014,37014
37204,37204,37204
37090,37090,37090
37220,37220,37220
37060,37060,37060
37303,37303,37303
37403,37403,37403
37436,37436,37436
37344,37344,37344
37669,37669,37669
37457,37457,37457
37422,37422,37422
37496,37496,37496
37602,37602,37602
37495,37495,37495
37405,37405,37405
37341,37341,37341
37414,37414,37414
37580,37580,37580
37525,37525,37525
37719,37719,37719
37643,37643,37643
37904,37904,37904
38016,38016,38016
38299,38299,38299
38083,38083,38083
38077,38077,38077
38347,38347,38347
38515,38515,38515
38608,38608,38608
38644,38644,38644
38602,38602,38602
38518,38518,38518
38611,38611,38611
38609,38609,38609
38675,38675,38675
38976,38976,38976
38958,38958,38958
38798,38798,38798
38790,38790,38790
38789,38789,38789
38820,38820,38820
38847,38847,38847
38859,38859,38859
39049,39049,39049
39533,39533,39533
39371,39371,39371
40130,40130,40130
40315,40315,40315
39959,39959,39959
40015,40015,40015
40111,40111,40111
40332,40332,40332
40291,40291,40291
40216,40216,40216
40410,40410,40410
40471,40471,40471
40237,40237,40237
40002,40002,40002
40027,40027,40027
39839,39839,39839
40125,40125,40125
40341,40341,40341
40114,40114,40114
39846,39846,39846
39538,39538,39538
39366,39366,39366
39567,39567,39567
39807,39807,39807
39756,39756,39756
39759,39759,39759
39859,39859,39859
39789,39789,39789
39543,39543,39543
39710,39710,39710
39561,39561,39561
39644,39644,39644
39254,39254,39254
39271,39271,39271
39143,39143,39143
39144,39144,39144
39167,39167,39167
39161,39161,39161
39086,39086,39086
39015,39015,39015
39045,39045,39045
39147,39147,39147
39252,39252,39252
39182,39182,39182
39011,39011,39011
39248,39248,39248
39348,39348,39348
39511,39511,39511
39259,39259,39259
38498,38498,38498
38396,38396,38396
38391,38391,38391
38210,38210,38210
38629,38629,38629
38585,38585,38585
38492,38492,38492
38451,38451,38451
38530,38530,38530
38610,38610,38610
38464,38464,38464
38891,38891,38891
38907,38907,38907
39054,39054,39054
38680,38680,38680
39079,39079,39079
38948,38948,38948
39224,39224,39224
39427,39427,39427
39029,39029,39029
38956,38956,38956
39087,39087,39087
39023,39023,39023
39042,39042,39042
39154,39154,39154
39118,39118,39118
39118,39118,39118
39161,39161,39161
39304,39304,39304
39301,39301,39301
39359,39359,39359
39345,39345,39345
39311,39311,39311
39304,39304,39304
39330,39330,39330
39565,39565,39565
39591,39591,39591
39528,39528,39528
39600,39600,39600
39596,39596,39596
39703,39703,39703
39655,39655,39655
39545,39545,39545
39565,39565,39565
39540,39540,39540
39495,39495,39495
39435,39435,39435
39506,39506,39506
39643,39643,39643
39652,39652,39652
39795,39795,39795
39934,39934,39934
39870,39870,39870
39863,39863,39863
39706,39706,39706
39664,39664,39664
39634,39634,39634
39714,39714,39714
39731,39731,39731
39170,39170,39170
38888,38888,38888
38428,38428,38428
38787,38787,38787
38699,38699,38699
38967,38967,38967
39049,39049,39049
39023,39023,39023
38915,38915,38915
39288,39288,39288
39310,39310,39310
39325,39325,39325
39595,39595,39595
39538,39538,39538
39486,39486,39486
39444,39444,39444
39391,39391,39391
39279,39279,39279
38748,38748,38748
38745,38745,38745
38830,38830,38830
38577,38577,38577
38539,38539,38539
38835,38835,38835
38787,38787,38787
39044,39044,39044
39006,39006,39006
39020,39020,39020
39054,39054,39054
39039,39039,39039
38997,38997,38997
38788,38788,38788
38691,38691,38691
38735,38735,38735
38451,38451,38451
38376,38376,38376
38301,38301,38301
38416,38416,38416
38340,38340,38340
38383,38383,38383
38339,38339,38339
38265,38265,38265
38195,38195,38195
38178,38178,38178
38134,38134,38134
38096,38096,38096
38075,38075,38075
38060,38060,38060
37950,37950,37950
37960,37960,37960
38071,38071,38071
38725,38725,38725
38727,38727,38727
38695,38695,38695
38690,38690,38690
38757,38757,38757
39230,39230,39230
39311,39311,39311
39245,39245,39245
39017,39017,39017
39030,39030,39030
39050,39050,39050
39036,39036,39036
38768,38768,38768
40155,40155,40155
40220,40220,40220
40187,40187,40187
40029,40029,40029
40072,40072,40072
40101,40101,40101
40090,40090,40090
39770,39770,39770
39217,39217,39217
39277,39277,39277
38952,38952,38952
38920,38920,38920
38926,38926,38926
38938,38938,38938
39032,39032,39032
39072,39072,39072
39011,39011,39011
38982,38982,38982
38959,38959,38959
39044,39044,39044
39095,39095,39095
39175,39175,39175
39168,39168,39168
39093,39093,39093
39116,39116,39116
39171,39171,39171
39232,39232,39232
39346,39346,39346
39276,39276,39276
39126,39126,39126
38888,38888,38888
38788,38788,38788
38871,38871,38871
39126,39126,39126
39099,39099,39099
39054,39054,39054
39068,39068,39068
39116,39116,39116
39140,39140,39140
39150,39150,39150
39218,39218,39218
39240,39240,39240
39218,39218,39218
39238,39238,39238
39416,39416,39416
39407,39407,39407
39439,39439,39439
39515,39515,39515
39514,39514,39514
39539,39539,39539
39542,39542,39542
39514,39514,39514
39871,39871,39871
39879,39879,39879
39822,39822,39822
39566,39566,39566
39892,39892,39892
40130,40130,40130
40132,40132,40132
39901,39901,39901
40066,40066,40066
40017,40017,40017
39993,39993,39993
39972,39972,39972
40036,40036,40036
40021,40021,40021
39934,39934,39934
39886,39886,39886
39682,39682,39682
39430,39430,39430
39358,39358,39358
39077,39077,39077
39118,39118,39118
39032,39032,39032
39046,39046,39046
39107,39107,39107
39177,39177,39177
39296,39296,39296
39152,39152,39152
39119,39119,39119
39010,39010,39010
39156,39156,39156
38976,38976,38976
39178,39178,39178
39135,39135,39135
39065,39065,39065
38979,38979,38979
39640,39640,39640
39685,39685,39685
39517,39517,39517
39505,39505,39505
39451,39451,39451
39438,39438,39438
39710,39710,39710
39639,39639,39639
39481,39481,39481
39442,39442,39442
39403,39403,39403
39446,39446,39446
39527,39527,39527
39546,39546,39546
39474,39474,39474
39478,39478,39478
39536,39536,39536
39435,39435,39435
39434,39434,39434
39463,39463,39463
39456,39456,39456
39619,39619,39619
39713,39713,39713
39881,39881,39881
41702,41702,41702
41256,41256,41256
41535,41535,41535
42337,42337,42337
42461,42461,42461
42901,42901,42901
42881,42881,42881
43136,43136,43136
43195,43195,43195
43141,43141,43141
43143,43143,43143
43075,43075,43075
41590,41590,41590
42003,42003,42003
42182,42182,42182
42485,42485,42485
42322,42322,42322
42222,42222,42222
41600,41600,41600
41199,41199,41199
41246,41246,41246
41407,41407,41407
41717,41717,41717
41814,41814,41814
41957,41957,41957
42064,42064,42064
42124,42124,42124
42143,42143,42143
42117,42117,42117
42536,42536,42536
42582,42582,42582
42523,42523,42523
42540,42540,42540
42501,42501,42501
42577,42577,42577
42633,42633,42633
42666,42666,42666
42744,42744,42744
42857,42857,42857
42930,42930,42930
43049,43049,43049
43256,43256,43256
43398,43398,43398
43347,43347,43347
43412,43412,43412
43212,43212,43212
43336,43336,43336
43361,43361,43361
43203,43203,43203
43021,43021,43021
42956,42956,42956
43040,43040,43040
42792,42792,42792
42628,42628,42628
42595,42595,42595
42676,42676,42676
42662,42662,42662
42670,42670,42670
42722,42722,42722
42784,42784,42784
42779,42779,42779
42779,42779,42779
42824,42824,42824
42816,42816,42816
42529,42529,42529
42280,42280,42280
42705,42705,42705
42695,42695,42695
42755,42755,42755
42800,42800,42800
42883,42883,42883
42861,42861,42861
43046,43046,43046
43309,43309,43309
43247,43247,43247
43247,43247,43247
43125,43125,43125
43056,43056,43056
43127,43127,43127
43096,43096,43096
42749,42749,42749
41977,41977,41977
40541,40541,40541
40986,40986,40986
40951,40951,40951
40738,40738,40738
40709,40709,40709
40506,40506,40506
40652,40652,40652
40600,40600,40600
40444,40444,40444
40415,40415,40415
40385,40385,40385
40373,40373,40373
40221,40221,40221
40255,40255,40255
40239,40239,40239
40236,40236,40236
40338,40338,40338
40368,40368,40368
40267,40267,40267
40319,40319,40319
40422,40422,40422
40274,40274,40274
40301,40301,40301
40318,40318,40318
40335,40335,40335
40400,40400,40400
40377,40377,40377
40278,40278,40278
40284,40284,40284
40268,40268,40268
40218,40218,40218
40452,40452,40452
40464,40464,40464
40500,40500,40500
40281,40281,40281
40334,40334,40334
40078,40078,40078
40360,40360,40360
40544,40544,40544
40492,40492,40492
40567,40567,40567
40566,40566,40566
40577,40577,40577
40484,40484,40484
40737,40737,40737
40689,40689,40689
40382,40382,40382
40360,40360,40360
40453,40453,40453
40412,40412,40412
40405,40405,40405
40634,40634,40634
40719,40719,40719
40513,40513,40513
40266,40266,40266
40431,40431,40431
40881,40881,40881
40803,40803,40803
41083,41083,41083
40911,40911,40911
40868,40868,40868
40526,40526,40526
40469,40469,40469
40597,40597,40597
40634,40634,40634
40704,40704,40704
40987,40987,40987
41060,41060,41060
41657,41657,41657
41599,41599,41599
41825,41825,41825
41775,41775,41775
41630,41630,41630
41784,41784,41784
41799,41799,41799
41862,41862,41862
41895,41895,41895
41783,41783,41783
41765,41765,41765
41713,41713,41713
41929,41929,41929
41986,41986,41986
41870,41870,41870
41856,41856,41856
41940,41940,41940
41950,41950,41950
41913,41913,41913
41950,41950,41950
42086,42086,42086
42380,42380,42380
42302,42302,42302
42816,42816,42816
42885,42885,42885
43108,43108,43108
43258,43258,43258
43272,43272,43272
43437,43437,43437
43597,43597,43597
43686,43686,43686
44307,44307,44307
44473,44473,44473
44487,44487,44487
44463,44463,44463
44933,44933,44933
44860,44860,44860
44641,44641,44641
44840,44840,44840
44831,44831,44831
45834,45834,45834
46386,46386,46386
45625,45625,45625
46350,46350,46350
46611,46611,46611
46967,46967,46967
46984,46984,46984
46199,46199,46199
46793,46793,46793
46605,46605,46605
46866,46866,46866
46835,46835,46835
46741,46741,46741
46399,46399,46399
45636,45636,45636
45915,45915,45915
45869,45869,45869
45787,45787,45787
46260,46260,46260
45694,45694,45694
46079,46079,46079
46516,46516,46516
45998,45998,45998
44481,44481,44481
44382,44382,44382
42612,42612,42612
42881,42881,42881
43082,43082,43082
43157,43157,43157
43006,43006,43006
43227,43227,43227
43399,43399,43399
43052,43052,43052
43011,43011,43011
43244,43244,43244
43175,43175,43175
43090,43090,43090
43243,43243,43243
43240,43240,43240
43046,43046,43046
43149,43149,43149
43081,43081,43081
43136,43136,43136
42941,42941,42941
42364,42364,42364
42389,42389,42389
42118,42118,42118
41842,41842,41842
41560,41560,41560
41411,41411,41411
41255,41255,41255
41260,41260,41260
41256,41256,41256
41316,41316,41316
41284,41284,41284
41594,41594,41594
41643,41643,41643
41546,41546,41546
41574,41574,41574
41536,41536,41536
41497,41497,41497
41438,41438,41438
41576,41576,41576
41318,41318,41318
41619,41619,41619
41216,41216,41216
41376,41376,41376
41386,41386,41386
40989,40989,40989
40930,40930,40930
41161,41161,41161
41257,41257,41257
41243,41243,41243
41160,41160,41160
41091,41091,41091
41410,41410,41410
41531,41531,41531
41424,41424,41424
41570,41570,41570
41805,41805,41805
42250,42250,42250
42239,42239,42239
42271,42271,42271
42411,42411,42411
41933,41933,41933
42349,42349,42349
42105,42105,42105
42015,42015,42015
41635,41635,41635
42079,42079,42079
42162,42162,42162
41856,41856,41856
41767,41767,41767
41707,41707,41707
41780,41780,41780
41685,41685,41685
41568,41568,41568
41779,41779,41779
41936,41936,41936
41850,41850,41850
42564,42564,42564
42804,42804,42804
42809,42809,42809
42210,42210,42210
42060,42060,42060
41900,41900,41900
42206,42206,42206
42301,42301,42301
42129,42129,42129
42169,42169,42169
42067,42067,42067
42244,42244,42244
42376,42376,42376
42545,42545,42545
42733,42733,42733
42115,42115,42115
41965,41965,41965
41878,41878,41878
41725,41725,41725
41817,41817,41817
41757,41757,41757
41814,41814,41814
41830,41830,41830
42203,42203,42203
42083,42083,42083
41936,41936,41936
41274,41274,41274
40713,40713,40713
40822,40822,40822
40436,40436,40436
40801,40801,40801
40704,40704,40704
40688,40688,40688
40692,40692,40692
40901,40901,40901
40991,40991,40991
41023,41023,41023
41193,41193,41193
41043,41043,41043
41797,41797,41797
41557,41557,41557
41058,41058,41058
41117,41117,41117
41109,41109,41109
40782,40782,40782
40235,40235,40235
39878,39878,39878
40024,40024,40024
40082,40082,40082
40212,40212,40212
39863,39863,39863
40345,40345,40345
40201,40201,40201
40571,40571,40571
40808,40808,40808
40810,40810,40810
41094,41094,41094
41010,41010,41010
40844,40844,40844
40578,40578,40578
40517,40517,40517
40471,40471,40471
40601,40601,40601
40595,40595,40595
40366,40366,40366
40587,40587,40587
40762,40762,40762
40626,40626,40626
40550,40550,40550
40576,40576,40576
40590,40590,40590
40533,40533,40533
40777,40777,40777
40429,40429,40429
40422,40422,40422
40448,40448,40448
40374,40374,40374
40298,40298,40298
40299,40299,40299
40301,40301,40301
40100,40100,40100
40195,40195,40195
34371,34371,34371
34378,34378,34378
34375,34375,34375
34489,34489,34489
34516,34516,34516
34571,34571,34571
34619,34619,34619
34670,34670,34670
34771,34771,34771
34672,34672,34672
34703,34703,34703
34668,34668,34668
34698,34698,34698
34663,34663,34663
34663,34663,34663
34636,34636,34636
34620,34620,34620
34580,34580,34580
34580,34580,34580
34585,34585,34585
34576,34576,34576
34576,34576,34576
34554,34554,34554
34554,34554,34554
34536,34536,34536
34605,34605,34605
34635,34635,34635
34674,34674,34674
34666,34666,34666
34857,34857,34857
35181,35181,35181
35116,35116,35116
35071,35071,35071
35095,35095,35095
35175,35175,35175
35337,35337,35337
35290,35290,35290
35229,35229,35229
35372,35372,35372
35460,35460,35460
35465,35465,35465
35353,35353,35353
35292,35292,35292
35326,35326,35326
35448,35448,35448
35488,35488,35488
35509,35509,35509
35547,35547,35547
35568,35568,35568
35522,35522,35522
35630,35630,35630
35717,35717,35717
35906,35906,35906
35920,35920,35920
35860,35860,35860
35865,35865,35865
36059,36059,36059
36004,36004,36004
35993,35993,35993
36032,36032,36032
36148,36148,36148
36167,36167,36167
36154,36154,36154
36188,36188,36188
36233,36233,36233
36214,36214,36214
36298,36298,36298
36328,36328,36328
36153,36153,36153
36340,36340,36340
36381,36381,36381
36360,36360,36360
63909,63909,63909
63889,63889,63889
63873,63873,63873
63605,63605,63605
63345,63345,63345
63379,63379,63379
63323,63323,63323
64392,64392,64392
64229,64229,64229
64235,64235,64235
64422,64422,64422
64021,64021,64021
63811,63811,63811
63734,63734,63734
63889,63889,63889
63873,63873,63873
63605,63605,63605
63345,63345,63345
63379,63379,63379
63323,63323,63323
60990,60990,60990
61099,61099,61099
61007,61007,61007
61343,61343,61343
61595,61595,61595
61936,61936,61936
61666,61666,61666
62000,62000,62000
61940,61940,61940
62138,62138,62138
61862,61862,61862
61956,61956,61956
61619,61619,61619
61803,61803,61803
62267,62267,62267
61869,61869,61869
61738,61738,61738
61791,61791,61791
61631,61631,61631
61754,61754,61754
61830,61830,61830
61919,61919,61919
61935,61935,61935
61829,61829,61829
61864,61864,61864
61372,61372,61372
61420,61420,61420
61301,61301,61301
61303,61303,61303
61225,61225,61225
62201,62201,62201
62156,62156,62156
62312,62312,62312
62315,62315,62315
62217,62217,62217
62206,62206,62206
62311,62311,62311
62379,62379,62379
62498,62498,62498
61525,61525,61525
62062,62062,62062
62731,62731,62731
62386,62386,62386
62321,62321,62321
62618,62618,62618
63653,63653,63653
63871,63871,63871
64156,64156,64156
63861,63861,63861
63960,63960,63960
64154,64154,64154
63972,63972,63972
63714,63714,63714
64163,64163,64163
63937,63937,63937
64462,64462,64462
64401,64401,64401
64440,64440,64440
64603,64603,64603
64501,64501,64501
64343,64343,64343
64229,64229,64229
64235,64235,64235
64422,64422,64422
64021,64021,64021
63811,63811,63811
63734,63734,63734
63889,63889,63889
63873,63873,63873
63605,63605,63605
63345,63345,63345
63379,63379,63379
63323,63323,63323
55448,55448,55448
55515,55515,55515
55410,55410,55410
55695,55695,55695
55859,55859,55859
55889,55889,55889
56245,56245,56245
56300,56300,56300
56435,56435,56435
56104,56104,56104
55819,55819,55819
55169,55169,55169
54827,54827,54827
54955,54955,54955
55097,55097,55097
55012,55012,55012
54970,54970,54970
54939,54939,54939
55050,55050,55050
55010,55010,55010
55112,55112,55112
55199,55199,55199
55301,55301,55301
55522,55522,55522
55681,55681,55681
55629,55629,55629
55937,55937,55937
56873,56873,56873
57367,57367,57367
57359,57359,57359
58088,58088,58088
58029,58029,58029
58018,58018,58018
58349,58349,58349
58261,58261,58261
58124,58124,58124
58207,58207,58207
58560,58560,58560
58562,58562,58562
59123,59123,59123
59111,59111,59111
59149,59149,59149
59178,59178,59178
59144,59144,59144
59677,59677,59677
59656,59656,59656
59689,59689,59689
59721,59721,59721
59639,59639,59639
59658,59658,59658
59904,59904,59904
59717,59717,59717
59872,59872,59872
60232,60232,60232
60082,60082,60082
60131,60131,60131
60763,60763,60763
60629,60629,60629
60607,60607,60607
60750,60750,60750
60774,60774,60774
60642,60642,60642
60371,60371,60371
60068,60068,60068
60135,60135,60135
60098,60098,60098
60021,60021,60021
60293,60293,60293
60293,60293,60293
60579,60579,60579
60739,60739,60739
60933,60933,60933
60904,60904,60904
61099,61099,61099
61007,61007,61007
61343,61343,61343
61595,61595,61595
61936,61936,61936
61666,61666,61666
62000,62000,62000
61940,61940,61940
62138,62138,62138
61862,61862,61862
61956,61956,61956
61619,61619,61619
61803,61803,61803
62267,62267,62267
61869,61869,61869
61738,61738,61738
61791,61791,61791
61631,61631,61631
61754,61754,61754
61830,61830,61830
61919,61919,61919
61935,61935,61935
61829,61829,61829
61864,61864,61864
61372,61372,61372
61420,61420,61420
61301,61301,61301
61303,61303,61303
61225,61225,61225
62201,62201,62201
62156,62156,62156
62312,62312,62312
62315,62315,62315
62217,62217,62217
62206,62206,62206
62311,62311,62311
62379,62379,62379
62498,62498,62498
61525,61525,61525
62062,62062,62062
62731,62731,62731
62386,62386,62386
62321,62321,62321
62618,62618,62618
63653,63653,63653
63871,63871,63871
64156,64156,64156
63861,63861,63861
63960,63960,63960
64154,64154,64154
63972,63972,63972
63714,63714,63714
64163,64163,64163
63937,63937,63937
64462,64462,64462
64401,64401,64401
64440,64440,64440
64603,64603,64603
64501,64501,64501
64343,64343,64343
64229,64229,64229
64235,64235,64235
64422,64422,64422
64021,64021,64021
63811,63811,63811
63734,63734,63734
63889,63889,63889
63873,63873,63873
63605,63605,63605
63345,63345,63345
63379,63379,63379
63323,63323,63323
55518,55518,55518
55511,55511,55511
55434,55434,55434
55406,55406,55406
55331,55331,55331
55232,55232,55232
55231,55231,55231
55042,55042,55042
55191,55191,55191
55142,55142,55142
55085,55085,55085
55089,55089,55089
55089,55089,55089
55006,55006,55006
55016,55016,55016
54634,54634,54634
54649,54649,54649
54579,54579,54579
54675,54675,54675
54710,54710,54710
54781,54781,54781
54745,54745,54745
54905,54905,54905
54897,54897,54897
54884,54884,54884
54871,54871,54871
54767,54767,54767
54691,54691,54691
54705,54705,54705
54609,54609,54609
54606,54606,54606
54672,54672,54672
54586,54586,54586
54764,54764,54764
54682,54682,54682
54643,54643,54643
54426,54426,54426
54586,54586,54586
54671,54671,54671
54662,54662,54662
54541,54541,54541
54562,54562,54562
54598,54598,54598
54571,54571,54571
54720,54720,54720
54885,54885,54885
54804,54804,54804
54790,54790,54790
54760,54760,54760
54743,54743,54743
54734,54734,54734
54796,54796,54796
54815,54815,54815
54825,54825,54825
54701,54701,54701
54712,54712,54712
54775,54775,54775
54774,54774,54774
54889,54889,54889
54337,54337,54337
53774,53774,53774
53869,53869,53869
54609,54609,54609
54598,54598,54598
54746,54746,54746
54928,54928,54928
55644,55644,55644
55584,55584,55584
55239,55239,55239
55641,55641,55641
55861,55861,55861
55638,55638,55638
55974,55974,55974
53718,53718,53718
52878,52878,52878
53068,53068,53068
53219,53219,53219
53360,53360,53360
53059,53059,53059
53551,53551,53551
53445,53445,53445
53612,53612,53612
53694,53694,53694
53670,53670,53670
53774,53774,53774
53828,53828,53828
53834,53834,53834
53876,53876,53876
52976,52976,52976
53185,53185,53185
53027,53027,53027
53103,53103,53103
53315,53315,53315
53294,53294,53294
53255,53255,53255
53298,53298,53298
53210,53210,53210
52811,52811,52811
52796,52796,52796
52946,52946,52946
52975,52975,52975
53011,53011,53011
52892,52892,52892
52782,52782,52782
52957,52957,52957
53050,53050,53050
53647,53647,53647
53416,53416,53416
53332,53332,53332
53355,53355,53355
53293,53293,53293
53318,53318,53318
53599,53599,53599
53227,53227,53227
52617,52617,52617
52796,52796,52796
52880,52880,52880
53016,53016,53016
53256,53256,53256
52993,52993,52993
53484,53484,53484
53368,53368,53368
53524,53524,53524
53575,53575,53575
53481,53481,53481
53167,53167,53167
53095,53095,53095
53039,53039,53039
53094,53094,53094
52918,52918,52918
53057,53057,53057
53086,53086,53086
53063,53063,53063
52936,52936,52936
53111,53111,53111
53130,53130,53130
53216,53216,53216
53277,53277,53277
53410,53410,53410
53286,53286,53286
53154,53154,53154
52675,52675,52675
52485,52485,52485
51690,51690,51690
51934,51934,51934
51807,51807,51807
51912,51912,51912
51688,51688,51688
51469,51469,51469
51856,51856,51856
51718,51718,51718
51676,51676,51676
51745,51745,51745
51800,51800,51800
51954,51954,51954
52059,52059,52059
52121,52121,52121
52133,52133,52133
52134,52134,52134
52491,52491,52491
52759,52759,52759
52737,52737,52737
52630,52630,52630
52643,52643,52643
52861,52861,52861
52923,52923,52923
52987,52987,52987
53197,53197,53197
53587,53587,53587
53597,53597,53597
53292,53292,53292
53201,53201,53201
53320,53320,53320
53526,53526,53526
53431,53431,53431
53373,53373,53373
53487,53487,53487
53599,53599,53599
53696,53696,53696
53525,53525,53525
53797,53797,53797
53601,53601,53601
53714,53714,53714
53329,53329,53329
53341,53341,53341
53518,53518,53518
53578,53578,53578
53455,53455,53455
53370,53370,53370
53372,53372,53372
53656,53656,53656
53510,53510,53510
53643,53643,53643
53563,53563,53563
53550,53550,53550
53558,53558,53558
53428,53428,53428
53411,53411,53411
53444,53444,53444
53573,53573,53573
53586,53586,53586
53528,53528,53528
53603,53603,53603
53725,53725,53725
53801,53801,53801
53812,53812,53812
53997,53997,53997
53842,53842,53842
53890,53890,53890
53921,53921,53921
54127,54127,54127
54007,54007,54007
54281,54281,54281
53725,53725,53725
54239,54239,54239
54255,54255,54255
54294,54294,54294
54268,54268,54268
53954,53954,53954
54337,54337,54337
54314,54314,54314
54311,54311,54311
54535,54535,54535
54495,54495,54495
54508,54508,54508
54491,54491,54491
54179,54179,54179
54243,54243,54243
54480,54480,54480
54619,54619,54619
54698,54698,54698
54726,54726,54726
54725,54725,54725
54752,54752,54752
54935,54935,54935
54552,54552,54552
54778,54778,54778
55049,55049,55049
54991,54991,54991
54803,54803,54803
54880,54880,54880
55001,55001,55001
54985,54985,54985
55282,55282,55282
55579,55579,55579
55755,55755,55755
56342,56342,56342
56367,56367,56367
56157,56157,56157
56370,56370,56370
56707,56707,56707
57234,57234,57234
56724,56724,56724
56242,56242,56242
56335,56335,56335
56399,56399,56399
56299,56299,56299
56189,56189,56189
55964,55964,55964
56145,56145,56145
56088,56088,56088
56548,56548,56548
56663,56663,56663
56795,56795,56795
57382,57382,57382
57010,57010,57010
57698,57698,57698
57902,57902,57902
57844,57844,57844
58425,58425,58425
58326,58326,58326
58689,58689,58689
58567,58567,58567
56808,56808,56808
55441,55441,55441
56285,56285,56285
54694,54694,54694
54826,54826,54826
54860,54860,54860
55224,55224,55224
55020,55020,55020
54906,54906,54906
55357,55357,55357
55319,55319,55319
55322,55322,55322
55419,55419,55419
55114,55114,55114
55397,55397,55397
55446,55446,55446
55515,55515,55515
55410,55410,55410
55695,55695,55695
55859,55859,55859
55889,55889,55889
56245,56245,56245
56300,56300,56300
56435,56435,56435
56104,56104,56104
55819,55819,55819
55169,55169,55169
54827,54827,54827
54955,54955,54955
55097,55097,55097
55012,55012,55012
54970,54970,54970
54939,54939,54939
55050,55050,55050
55010,55010,55010
55112,55112,55112
55199,55199,55199
55301,55301,55301
55522,55522,55522
55681,55681,55681
55629,55629,55629
55937,55937,55937
56873,56873,56873
57367,57367,57367
57359,57359,57359
58088,58088,58088
58029,58029,58029
58018,58018,58018
58349,58349,58349
58261,58261,58261
58124,58124,58124
58207,58207,58207
58560,58560,58560
58562,58562,58562
59123,59123,59123
59111,59111,59111
59149,59149,59149
59178,59178,59178
59144,59144,59144
59677,59677,59677
59656,59656,59656
59689,59689,59689
59721,59721,59721
59639,59639,59639
59658,59658,59658
59904,59904,59904
59717,59717,59717
59872,59872,59872
60232,60232,60232
60082,60082,60082
60131,60131,60131
60763,60763,60763
60629,60629,60629
60607,60607,60607
60750,60750,60750
60774,60774,60774
60642,60642,60642
60371,60371,60371
60068,60068,60068
60135,60135,60135
60098,60098,60098
60021,60021,60021
60293,60293,60293
60293,60293,60293
60579,60579,60579
60739,60739,60739
60933,60933,60933
60904,60904,60904
61099,61099,61099
61007,61007,61007
61343,61343,61343
61595,61595,61595
61936,61936,61936
61666,61666,61666
62000,62000,62000
61940,61940,61940
62138,62138,62138
61862,61862,61862
61956,61956,61956
61619,61619,61619
61803,61803,61803
62267,62267,62267
61869,61869,61869
61738,61738,61738
61791,61791,61791
61631,61631,61631
61754,61754,61754
61830,61830,61830
61919,61919,61919
61935,61935,61935
61829,61829,61829
61864,61864,61864
61372,61372,61372
61420,61420,61420
61301,61301,61301
61303,61303,61303
61225,61225,61225
62201,62201,62201
62156,62156,62156
62312,62312,62312
62315,62315,62315
62217,62217,62217
62206,62206,62206
62311,62311,62311
62379,62379,62379
62498,62498,62498
61525,61525,61525
62062,62062,62062
62731,62731,62731
62386,62386,62386
62321,62321,62321
62618,62618,62618
63653,63653,63653
63871,63871,63871
64156,64156,64156
63861,63861,63861
63960,63960,63960
64154,64154,64154
63972,63972,63972
63714,63714,63714
64163,64163,64163
63937,63937,63937
64462,64462,64462
64401,64401,64401
64440,64440,64440
64603,64603,64603
64501,64501,64501
64343,64343,64343
64229,64229,64229
64235,64235,64235
64422,64422,64422
64021,64021,64021
63811,63811,63811
63734,63734,63734
63889,63889,63889
63873,63873,63873
63605,63605,63605
63345,63345,63345
63379,63379,63379
63323,63323,63323
48176,48176,48176
48150,48150,48150
48201,48201,48201
48215,48215,48215
48223,48223,48223
48204,48204,48204
48112,48112,48112
48032,48032,48032
47965,47965,47965
47947,47947,47947
48047,48047,48047
48088,48088,48088
47961,47961,47961
47962,47962,47962
47965,47965,47965
47964,47964,47964
47954,47954,47954
47954,47954,47954
47937,47937,47937
47938,47938,47938
47939,47939,47939
47468,47468,47468
47446,47446,47446
47448,47448,47448
47470,47470,47470
47476,47476,47476
47475,47475,47475
47476,47476,47476
47509,47509,47509
47490,47490,47490
54318,54318,54318
54276,54276,54276
54189,54189,54189
54413,54413,54413
54256,54256,54256
54489,54489,54489
54488,54488,54488
54386,54386,54386
54633,54633,54633
54593,54593,54593
54699,54699,54699
54517,54517,54517
54608,54608,54608
54615,54615,54615
54490,54490,54490
54477,54477,54477
54417,54417,54417
54557,54557,54557
54513,54513,54513
54565,54565,54565
54915,54915,54915
54963,54963,54963
54886,54886,54886
54887,54887,54887
55036,55036,55036
55312,55312,55312
55129,55129,55129
55093,55093,55093
55293,55293,55293
55683,55683,55683
56165,56165,56165
56415,56415,56415
56483,56483,56483
56172,56172,56172
56181,56181,56181
55989,55989,55989
55883,55883,55883
55932,55932,55932
56877,56877,56877
57057,57057,57057
56941,56941,56941
56650,56650,56650
57319,57319,57319
57384,57384,57384
57320,57320,57320
57315,57315,57315
57252,57252,57252
57078,57078,57078
56961,56961,56961
57089,57089,57089
57288,57288,57288
57121,57121,57121
57211,57211,57211
57373,57373,57373
57522,57522,57522
57593,57593,57593
57449,57449,57449
57449,57449,57449
57530,57530,57530
57537,57537,57537
57369,57369,57369
57097,57097,57097
56868,56868,56868
57075,57075,57075
56929,56929,56929
56865,56865,56865
56404,56404,56404
56481,56481,56481
56587,56587,56587
56820,56820,56820
56046,56046,56046
56013,56013,56013
56510,56510,56510
56203,56203,56203
56444,56444,56444
56473,56473,56473
56452,56452,56452
56504,56504,56504
56455,56455,56455
56664,56664,56664
56533,56533,56533
56607,56607,56607
56588,56588,56588
56571,56571,56571
56332,56332,56332
56672,56672,56672
55741,55741,55741
55908,55908,55908
55898,55898,55898
56165,56165,56165
55850,55850,55850
55800,55800,55800
55743,55743,55743
55233,55233,55233
55190,55190,55190
55259,55259,55259
55248,55248,55248
55164,55164,55164
55451,55451,55451
55373,55373,55373
55248,55248,55248
55280,55280,55280
55650,55650,55650
55858,55858,55858
55890,55890,55890
55802,55802,55802
56516,56516,56516
56195,56195,56195
56285,56285,56285
56367,56367,56367
56366,56366,56366
56307,56307,56307
56114,56114,56114
56295,56295,56295
56271,56271,56271
56256,56256,56256
56151,56151,56151
56514,56514,56514
56516,56516,56516
56431,56431,56431
56469,56469,56469
56451,56451,56451
56479,56479,56479
56373,56373,56373
56381,56381,56381
56436,56436,56436
56707,56707,56707
56663,56663,56663
56627,56627,56627
57086,57086,57086
56859,56859,56859
57537,57537,57537
57479,57479,57479
57553,57553,57553
57524,57524,57524
57862,57862,57862
57485,57485,57485
57399,57399,57399
57386,57386,57386
57280,57280,57280
57282,57282,57282
57225,57225,57225
57204,57204,57204
57053,57053,57053
57359,57359,57359
57360,57360,57360
57005,57005,57005
57245,57245,57245
57261,57261,57261
57329,57329,57329
57251,57251,57251
57234,57234,57234
56958,56958,56958
56968,56968,56968
56922,56922,56922
56978,56978,56978
56827,56827,56827
56843,56843,56843
56921,56921,56921
56931,56931,56931
56971,56971,56971
56933,56933,56933
56889,56889,56889
56751,56751,56751
56736,56736,56736
56771,56771,56771
56723,56723,56723
56709,56709,56709
56668,56668,56668
56563,56563,56563
56534,56534,56534
56418,56418,56418
56269,56269,56269
56221,56221,56221
56295,56295,56295
56603,56603,56603
56660,56660,56660
56747,56747,56747
56743,56743,56743
56701,56701,56701
57010,57010,57010
56937,56937,56937
56688,56688,56688
55428,55428,55428
55309,55309,55309
55415,55415,55415
55288,55288,55288
55361,55361,55361
55273,55273,55273
55334,55334,55334
55488,55488,55488
55622,55622,55622
55626,55626,55626
55483,55483,55483
54873,54873,54873
54970,54970,54970
55283,55283,55283
55837,55837,55837
55677,55677,55677
55301,55301,55301
55316,55316,55316
55511,55511,55511
55524,55524,55524
55517,55517,55517
55533,55533,55533
55533,55533,55533
55627,55627,55627
55777,55777,55777
55628,55628,55628
55787,55787,55787
55546,55546,55546
55560,55560,55560
55340,55340,55340
55314,55314,55314
55484,55484,55484
55537,55537,55537
55525,55525,55525
55611,55611,55611
55528,55528,55528
55374,55374,55374
55378,55378,55378
55535,55535,55535
55511,55511,55511
55548,55548,55548
55506,55506,55506
55653,55653,55653
54878,54878,54878
54697,54697,54697
54532,54532,54532
54067,54067,54067
54457,54457,54457
54692,54692,54692
54719,54719,54719
55099,55099,55099
55097,55097,55097
55150,55150,55150
55197,55197,55197
55031,55031,55031
55079,55079,55079
55221,55221,55221
55378,55378,55378
55585,55585,55585
55901,55901,55901
55735,55735,55735
56174,56174,56174
56728,56728,56728
56369,56369,56369
56732,56732,56732
57384,57384,57384
57260,57260,57260
57335,57335,57335
57419,57419,57419
57395,57395,57395
57605,57605,57605
57791,57791,57791
57202,57202,57202
56944,56944,56944
57738,57738,57738
56410,56410,56410
56446,56446,56446
56160,56160,56160
56305,56305,56305
56156,56156,56156
56258,56258,56258
56396,56396,56396
56484,56484,56484
56608,56608,56608
56489,56489,56489
56177,56177,56177
56466,56466,56466
56455,56455,56455
56606,56606,56606
56619,56619,56619
56545,56545,56545
56580,56580,56580
56468,56468,56468
56605,56605,56605
56669,56669,56669
56717,56717,56717
56516,56516,56516
56181,56181,56181
56259,56259,56259
56273,56273,56273
56215,56215,56215
56183,56183,56183
55853,55853,55853
56091,56091,56091
56192,56192,56192
56083,56083,56083
55987,55987,55987
55797,55797,55797
55615,55615,55615
55763,55763,55763
55121,55121,55121
54495,54495,54495
54456,54456,54456
54378,54378,54378
54025,54025,54025
54075,54075,54075
53884,53884,53884
53940,53940,53940
54033,54033,54033
53900,53900,53900
53724,53724,53724
53810,53810,53810
53808,53808,53808
53837,53837,53837
53730,53730,53730
53572,53572,53572
53509,53509,53509
52905,52905,52905
52587,52587,52587
52530,52530,52530
52524,52524,52524
52462,52462,52462
52523,52523,52523
52537,52537,52537
52499,52499,52499
52208,52208,52208
52330,52330,52330
52250,52250,52250
52308,52308,52308
52247,52247,52247
52198,52198,52198
52410,52410,52410
52254,52254,52254
52325,52325,52325
52722,52722,52722
52767,52767,52767
52884,52884,52884
52782,52782,52782
52738,52738,52738
53112,53112,53112
52960,52960,52960
53011,53011,53011
53350,53350,53350
53373,53373,53373
53286,53286,53286
53390,53390,53390
53345,53345,53345
53322,53322,53322
53390,53390,53390
53279,53279,53279
53097,53097,53097
52974,52974,52974
53050,53050,53050
53126,53126,53126
53402,53402,53402
53391,53391,53391
53675,53675,53675
53660,53660,53660
53898,53898,53898
53822,53822,53822
53849,53849,53849
53807,53807,53807
53956,53956,53956
53948,53948,53948
54142,54142,54142
54217,54217,54217
54197,54197,54197
54357,54357,54357
54376,54376,54376
54223,54223,54223
54309,54309,54309
54287,54287,54287
54253,54253,54253
54185,54185,54185
54452,54452,54452
54036,54036,54036
53940,53940,53940
53881,53881,53881
53944,53944,53944
53781,53781,53781
53743,53743,53743
53302,53302,53302
53017,53017,53017
52977,52977,52977
53013,53013,53013
53079,53079,53079
53085,53085,53085
53024,53024,53024
52999,52999,52999
53065,53065,53065
53151,53151,53151
53126,53126,53126
53092,53092,53092
53162,53162,53162
53207,53207,53207
53250,53250,53250
53132,53132,53132
53181,53181,53181
53111,53111,53111
52925,52925,52925
52979,52979,52979
52937,52937,52937
53145,53145,53145
53018,53018,53018
53067,53067,53067
53184,53184,53184
53350,53350,53350
53465,53465,53465
53276,53276,53276
53357,53357,53357
53120,53120,53120
53020,53020,53020
52975,52975,52975
52785,52785,52785
52579,52579,52579
52584,52584,52584
52392,52392,52392
52459,52459,52459
52438,52438,52438
52495,52495,52495
53255,53255,53255
53444,53444,53444
53448,53448,53448
53489,53489,53489
53472,53472,53472
53728,53728,53728
53421,53421,53421
53446,53446,53446
54020,54020,54020
54201,54201,54201
54540,54540,54540
54897,54897,54897
54650,54650,54650
54608,54608,54608
54549,54549,54549
54518,54518,54518
54610,54610,54610
54583,54583,54583
54546,54546,54546
54430,54430,54430
54558,54558,54558
54624,54624,54624
54615,54615,54615
54865,54865,54865
54873,54873,54873
54708,54708,54708
54843,54843,54843
54855,54855,54855
54880,54880,54880
54926,54926,54926
55018,55018,55018
55044,55044,55044
55017,55017,55017
55020,55020,55020
54893,54893,54893
55052,55052,55052
54864,54864,54864
54852,54852,54852
54823,54823,54823
55030,55030,55030
55110,55110,55110
55002,55002,55002
54978,54978,54978
54896,54896,54896
54982,54982,54982
55115,55115,55115
55233,55233,55233
55144,55144,55144
54853,54853,54853
54997,54997,54997
54547,54547,54547
53201,53201,53201
53099,53099,53099
53156,53156,53156
53319,53319,53319
53358,53358,53358
53431,53431,53431
53508,53508,53508
53506,53506,53506
53504,53504,53504
53388,53388,53388
53467,53467,53467
53475,53475,53475
53353,53353,53353
53389,53389,53389
53032,53032,53032
53188,53188,53188
53153,53153,53153
53060,53060,53060
53219,53219,53219
53329,53329,53329
53279,53279,53279
53443,53443,53443
53818,53818,53818
54022,54022,54022
54390,54390,54390
54555,54555,54555
54607,54607,54607
54647,54647,54647
54668,54668,54668
54666,54666,54666
54678,54678,54678
54700,54700,54700
55018,55018,55018
55085,55085,55085
54994,54994,54994
55100,55100,55100
54983,54983,54983
54988,54988,54988
54975,54975,54975
55001,55001,55001
54896,54896,54896
54778,54778,54778
54854,54854,54854
54865,54865,54865
54838,54838,54838
54881,54881,54881
54871,54871,54871
54748,54748,54748
55062,55062,55062
55362,55362,55362
55535,55535,55535
55703,55703,55703
55788,55788,55788
56235,56235,56235
56411,56411,56411
56285,56285,56285
56263,56263,56263
56651,56651,56651
56676,56676,56676
56876,56876,56876
56897,56897,56897
56947,56947,56947
57105,57105,57105
56975,56975,56975
57037,57037,57037
56574,56574,56574
57120,57120,57120
56867,56867,56867
56897,56897,56897
56562,56562,56562
56149,56149,56149
55816,55816,55816
55841,55841,55841
55503,55503,55503
55831,55831,55831
55850,55850,55850
56245,56245,56245
56240,56240,56240
56078,56078,56078
55793,55793,55793
55779,55779,55779
55657,55657,55657
55669,55669,55669
55992,55992,55992
56092,56092,56092
56193,56193,56193
56265,56265,56265
56158,56158,56158
55933,55933,55933
55947,55947,55947
55797,55797,55797
55731,55731,55731
55730,55730,55730
55745,55745,55745
56088,56088,56088
55823,55823,55823
55525,55525,55525
55442,55442,55442
55476,55476,55476
55475,55475,55475
55464,55464,55464
55523,55523,55523
55520,55520,55520
55440,55440,55440
55407,55407,55407
55439,55439,55439
55427,55427,55427
55372,55372,55372
55409,55409,55409
55378,55378,55378
55398,55398,55398
55395,55395,55395
55513,55513,55513
55511,55511,55511
55434,55434,55434
55406,55406,55406
55331,55331,55331
55232,55232,55232
55231,55231,55231
55042,55042,55042
55191,55191,55191
55142,55142,55142
55085,55085,55085
55089,55089,55089
55089,55089,55089
55006,55006,55006
55016,55016,55016
54634,54634,54634
54649,54649,54649
54579,54579,54579
54675,54675,54675
54710,54710,54710
54781,54781,54781
54745,54745,54745
54905,54905,54905
54897,54897,54897
54884,54884,54884
54871,54871,54871
54767,54767,54767
54691,54691,54691
54705,54705,54705
54609,54609,54609
54606,54606,54606
54672,54672,54672
54586,54586,54586
54764,54764,54764
54682,54682,54682
54643,54643,54643
54426,54426,54426
54586,54586,54586
54671,54671,54671
54662,54662,54662
54541,54541,54541
54562,54562,54562
54598,54598,54598
54571,54571,54571
54720,54720,54720
54885,54885,54885
54804,54804,54804
54790,54790,54790
54760,54760,54760
54743,54743,54743
54734,54734,54734
54796,54796,54796
54815,54815,54815
54825,54825,54825
54701,54701,54701
54712,54712,54712
54775,54775,54775
54774,54774,54774
54889,54889,54889
54337,54337,54337
53774,53774,53774
53869,53869,53869
54609,54609,54609
54598,54598,54598
54746,54746,54746
54928,54928,54928
55644,55644,55644
55584,55584,55584
55239,55239,55239
55641,55641,55641
55861,55861,55861
55638,55638,55638
55974,55974,55974
53718,53718,53718
52878,52878,52878
53068,53068,53068
53219,53219,53219
53360,53360,53360
53059,53059,53059
53551,53551,53551
53445,53445,53445
53612,53612,53612
53694,53694,53694
53670,53670,53670
53774,53774,53774
53828,53828,53828
53834,53834,53834
53876,53876,53876
52976,52976,52976
53185,53185,53185
53027,53027,53027
53103,53103,53103
53315,53315,53315
53294,53294,53294
53255,53255,53255
53298,53298,53298
53210,53210,53210
52811,52811,52811
52796,52796,52796
52946,52946,52946
52975,52975,52975
53011,53011,53011
52892,52892,52892
52782,52782,52782
52957,52957,52957
53050,53050,53050
53647,53647,53647
53416,53416,53416
53332,53332,53332
53355,53355,53355
53293,53293,53293
53318,53318,53318
53599,53599,53599
53227,53227,53227
52617,52617,52617
52796,52796,52796
52880,52880,52880
53016,53016,53016
53256,53256,53256
52993,52993,52993
53484,53484,53484
53368,53368,53368
53524,53524,53524
53575,53575,53575
53481,53481,53481
53167,53167,53167
53095,53095,53095
53039,53039,53039
53094,53094,53094
52918,52918,52918
53057,53057,53057
53086,53086,53086
53063,53063,53063
52936,52936,52936
53111,53111,53111
53130,53130,53130
53216,53216,53216
53277,53277,53277
53410,53410,53410
53286,53286,53286
53154,53154,53154
52675,52675,52675
52485,52485,52485
51690,51690,51690
51934,51934,51934
51807,51807,51807
51912,51912,51912
51688,51688,51688
51469,51469,51469
51856,51856,51856
51718,51718,51718
51676,51676,51676
51745,51745,51745
51800,51800,51800
51954,51954,51954
52059,52059,52059
52121,52121,52121
52133,52133,52133
52134,52134,52134
52491,52491,52491
52759,52759,52759
52737,52737,52737
52630,52630,52630
52643,52643,52643
52861,52861,52861
52923,52923,52923
52987,52987,52987
53197,53197,53197
53587,53587,53587
53597,53597,53597
53292,53292,53292
53201,53201,53201
53320,53320,53320
53526,53526,53526
53431,53431,53431
53373,53373,53373
53487,53487,53487
53599,53599,53599
53696,53696,53696
53525,53525,53525
53797,53797,53797
53601,53601,53601
53714,53714,53714
53329,53329,53329
53341,53341,53341
53518,53518,53518
53578,53578,53578
53455,53455,53455
53370,53370,53370
53372,53372,53372
53656,53656,53656
53510,53510,53510
53643,53643,53643
53563,53563,53563
53550,53550,53550
53558,53558,53558
53428,53428,53428
53411,53411,53411
53444,53444,53444
53573,53573,53573
53586,53586,53586
53528,53528,53528
53603,53603,53603
53725,53725,53725
53801,53801,53801
53812,53812,53812
53997,53997,53997
53842,53842,53842
53890,53890,53890
53921,53921,53921
54127,54127,54127
54007,54007,54007
54281,54281,54281
53725,53725,53725
54239,54239,54239
54255,54255,54255
54294,54294,54294
54268,54268,54268
53954,53954,53954
54337,54337,54337
54314,54314,54314
54311,54311,54311
54535,54535,54535
54495,54495,54495
54508,54508,54508
54491,54491,54491
54179,54179,54179
54243,54243,54243
54480,54480,54480
54619,54619,54619
54698,54698,54698
54726,54726,54726
54725,54725,54725
54752,54752,54752
54935,54935,54935
54552,54552,54552
54778,54778,54778
55049,55049,55049
54991,54991,54991
54803,54803,54803
54880,54880,54880
55001,55001,55001
54985,54985,54985
55282,55282,55282
55579,55579,55579
55755,55755,55755
56342,56342,56342
56367,56367,56367
56157,56157,56157
56370,56370,56370
56707,56707,56707
57234,57234,57234
56724,56724,56724
56242,56242,56242
56335,56335,56335
56399,56399,56399
56299,56299,56299
56189,56189,56189
55964,55964,55964
56145,56145,56145
56088,56088,56088
56548,56548,56548
56663,56663,56663
56795,56795,56795
57382,57382,57382
57010,57010,57010
57698,57698,57698
57902,57902,57902
57844,57844,57844
58425,58425,58425
58326,58326,58326
58689,58689,58689
58567,58567,58567
56808,56808,56808
55441,55441,55441
56285,56285,56285
54694,54694,54694
54826,54826,54826
54860,54860,54860
55224,55224,55224
55020,55020,55020
54906,54906,54906
55357,55357,55357
55319,55319,55319
55322,55322,55322
55419,55419,55419
55114,55114,55114
55397,55397,55397
55446,55446,55446
55515,55515,55515
55410,55410,55410
55695,55695,55695
55859,55859,55859
55889,55889,55889
56245,56245,56245
56300,56300,56300
56435,56435,56435
56104,56104,56104
55819,55819,55819
55169,55169,55169
54827,54827,54827
54955,54955,54955
55097,55097,55097
55012,55012,55012
54970,54970,54970
54939,54939,54939
55050,55050,55050
55010,55010,55010
55112,55112,55112
55199,55199,55199
55301,55301,55301
55522,55522,55522
55681,55681,55681
55629,55629,55629
55937,55937,55937
56873,56873,56873
57367,57367,57367
57359,57359,57359
58088,58088,58088
58029,58029,58029
58018,58018,58018
58349,58349,58349
58261,58261,58261
58124,58124,58124
58207,58207,58207
58560,58560,58560
58562,58562,58562
59123,59123,59123
59111,59111,59111
59149,59149,59149
59178,59178,59178
59144,59144,59144
59677,59677,59677
59656,59656,59656
59689,59689,59689
59721,59721,59721
59639,59639,59639
59658,59658,59658
59904,59904,59904
59717,59717,59717
59872,59872,59872
60232,60232,60232
60082,60082,60082
60131,60131,60131
60763,60763,60763
60629,60629,60629
60607,60607,60607
60750,60750,60750
60774,60774,60774
60642,60642,60642
60371,60371,60371
60068,60068,60068
60135,60135,60135
60098,60098,60098
60021,60021,60021
60293,60293,60293
60293,60293,60293
60579,60579,60579
60739,60739,60739
60933,60933,60933
60904,60904,60904
61099,61099,61099
61007,61007,61007
61343,61343,61343
61595,61595,61595
61936,61936,61936
61666,61666,61666
62000,62000,62000
61940,61940,61940
62138,62138,62138
61862,61862,61862
61956,61956,61956
61619,61619,61619
61803,61803,61803
62267,62267,62267
61869,61869,61869
61738,61738,61738
61791,61791,61791
61631,61631,61631
61754,61754,61754
61830,61830,61830
61919,61919,61919
61935,61935,61935
61829,61829,61829
61864,61864,61864
61372,61372,61372
61420,61420,61420
61301,61301,61301
61303,61303,61303
61225,61225,61225
62201,62201,62201
62156,62156,62156
62312,62312,62312
62315,62315,62315
62217,62217,62217
62206,62206,62206
62311,62311,62311
62379,62379,62379
62498,62498,62498
61525,61525,61525
62062,62062,62062
62731,62731,62731
62386,62386,62386
62321,62321,62321
62618,62618,62618
63653,63653,63653
63871,63871,63871
64156,64156,64156
63861,63861,63861
63960,63960,63960
64154,64154,64154
63972,63972,63972
63714,63714,63714
64163,64163,64163
63937,63937,63937
64462,64462,64462
64401,64401,64401
64440,64440,64440
64603,64603,64603
64501,64501,64501
64343,64343,64343
64229,64229,64229
64235,64235,64235
64422,64422,64422
64021,64021,64021
63811,63811,63811
63734,63734,63734
63889,63889,63889
63873,63873,63873
63605,63605,63605
63345,63345,63345
63379,63379,63379
63323,63323,63323
27857,27857,27857
27863,27863,27863
28336,28336,28336
28324,28324,28324
28255,28255,28255
28189,28189,28189
28053,28053,28053
28056,28056,28056
28056,28056,28056
28014,28014,28014
28033,28033,28033
28032,28032,28032
28012,28012,28012
28011,28011,28011
27990,27990,27990
28009,28009,28009
28012,28012,28012
28039,28039,28039
28033,28033,28033
28016,28016,28016
28016,28016,28016
28008,28008,28008
28014,28014,28014
28016,28016,28016
28012,28012,28012
28009,28009,28009
28012,28012,28012
28022,28022,28022
27915,27915,27915
27818,27818,27818
27802,27802,27802
27924,27924,27924
27958,27958,27958
27828,27828,27828
27987,27987,27987
28024,28024,28024
28101,28101,28101
28123,28123,28123
28174,28174,28174
28151,28151,28151
28142,28142,28142
28168,28168,28168
28158,28158,28158
28190,28190,28190
28176,28176,28176
28214,28214,28214
28217,28217,28217
28229,28229,28229
28223,28223,28223
28258,28258,28258
28179,28179,28179
28187,28187,28187
28221,28221,28221
28266,28266,28266
28401,28401,28401
28317,28317,28317
28328,28328,28328
28316,28316,28316
28336,28336,28336
28386,28386,28386
28393,28393,28393
28386,28386,28386
28391,28391,28391
28518,28518,28518
28529,28529,28529
28524,28524,28524
28592,28592,28592
28655,28655,28655
28719,28719,28719
28762,28762,28762
28835,28835,28835
28846,28846,28846
