date,Binance,Bitmex,Huobi
2020-06-09T19:10,48953803,48953803,48953803
2020-06-09T19:20,48953803,48953803,48953803
2020-06-09T19:30,48842436,48842436,48842436
2020-06-09T19:40,49183897,49183897,49183897
2020-06-09T19:50,49183897,49183897,49183897
2020-06-09T20:00,49822236,49822236,49822236
2020-06-09T20:10,49718537,49718537,49718537
2020-06-09T20:20,49718537,49718537,49718537
2020-06-09T20:30,50249384,50249384,50249384
2020-06-09T20:40,50453808,50453808,50453808
2020-06-09T20:50,50453808,50453808,50453808
2020-06-09T21:00,50325659,50325659,50325659
2020-06-09T21:10,50433835,50433835,50433835
2020-06-09T21:20,50433835,50433835,50433835
2020-06-09T21:30,49782364,49782364,49782364
2020-06-09T21:40,49393043,49393043,49393043
2020-06-09T21:50,49393043,49393043,49393043
2020-06-09T22:00,49432314,49432314,49432314
2020-06-09T22:10,49005383,49005383,49005383
2020-06-09T22:20,49005383,49005383,49005383
2020-06-09T22:30,48872739,48872739,48872739
2020-06-09T22:40,48810030,48810030,48810030
2020-06-09T22:50,48810030,48810030,48810030
2020-06-09T23:00,49099834,49099834,49099834
2020-06-09T23:10,48886831,48886831,48886831
2020-06-09T23:20,48886831,48886831,48886831
2020-06-09T23:30,48999122,48999122,48999122
2020-06-09T23:40,49174439,49174439,49174439
2020-06-09T23:50,49174439,49174439,49174439
2020-06-10T00:00,49039523,49039523,49039523
2020-06-10T00:10,49193303,49193303,49193303
2020-06-10T00:20,49193303,49193303,49193303
2020-06-10T00:30,49264291,49264291,49264291
2020-06-10T00:40,49361131,49361131,49361131
2020-06-10T00:50,49361131,49361131,49361131
2020-06-10T01:00,49271366,49271366,49271366
2020-06-10T01:10,48974926,48974926,48974926
2020-06-10T01:20,48974926,48974926,48974926
2020-06-10T01:30,48841694,48841694,48841694
2020-06-10T01:40,48836629,48836629,48836629
2020-06-10T01:50,48836629,48836629,48836629
2020-06-10T02:00,48822457,48822457,48822457
2020-06-10T02:10,48946413,48946413,48946413
2020-06-10T02:20,48946413,48946413,48946413
2020-06-10T02:30,49274068,49274068,49274068
2020-06-10T02:40,49462475,49462475,49462475
2020-06-10T02:50,49462475,49462475,49462475
2020-06-10T03:00,49407480,49407480,49407480
2020-06-10T03:10,49419977,49419977,49419977
2020-06-10T03:20,49419977,49419977,49419977
2020-06-10T03:30,49460189,49460189,49460189
2020-06-10T03:40,49537375,49537375,49537375
2020-06-10T03:50,49537375,49537375,49537375
2020-06-10T04:00,49535359,49535359,49535359
2020-06-10T04:10,49814982,49814982,49814982
2020-06-10T04:20,49814982,49814982,49814982
2020-06-10T04:30,49770816,49770816,49770816
2020-06-10T04:40,49791133,49791133,49791133
2020-06-10T04:50,49791133,49791133,49791133
2020-06-10T05:00,49779896,49779896,49779896
2020-06-10T05:10,49646542,49646542,49646542
2020-06-10T05:20,49646542,49646542,49646542
2020-06-10T05:30,49610709,49610709,49610709
2020-06-10T05:40,49346870,49346870,49346870
2020-06-10T05:50,49346870,49346870,49346870
2020-06-10T06:00,50557433,50557433,50557433
2020-06-10T06:10,50585864,50585864,50585864
2020-06-10T06:20,50585864,50585864,50585864
2020-06-10T06:30,50364443,50364443,50364443
2020-06-10T06:40,50365040,50365040,50365040
2020-06-10T06:50,50365040,50365040,50365040
2020-06-10T07:00,50278725,50278725,50278725
2020-06-10T07:10,50706804,50706804,50706804
2020-06-10T07:20,50706804,50706804,50706804
2020-06-10T07:30,50957328,50957328,50957328
2020-06-10T07:40,51211994,51211994,51211994
2020-06-10T07:50,51211994,51211994,51211994
2020-06-10T08:00,51522417,51522417,51522417
2020-06-10T08:10,51284813,51284813,51284813
2020-06-10T08:20,51284813,51284813,51284813
2020-06-10T08:30,51337028,51337028,51337028
2020-06-10T08:40,51474527,51474527,51474527
2020-06-10T08:50,51474527,51474527,51474527
2020-06-10T09:00,51527032,51527032,51527032
2020-06-10T09:10,51334398,51334398,51334398
2020-06-10T09:20,51334398,51334398,51334398
2020-06-10T09:30,51833750,51833750,51833750
2020-06-10T09:40,51944382,51944382,51944382
2020-06-10T09:50,51944382,51944382,51944382
2020-06-10T10:00,51965229,51965229,51965229
2020-06-10T10:10,51945575,51945575,51945575
2020-06-10T10:20,51945575,51945575,51945575
2020-06-10T10:30,51859767,51859767,51859767
2020-06-10T10:40,51807390,51807390,51807390
2020-06-10T10:50,51807390,51807390,51807390
2020-06-10T11:00,51826871,51826871,51826871
2020-06-10T11:10,51788352,51788352,51788352
2020-06-10T11:20,51788352,51788352,51788352
2020-06-10T11:30,51947413,51947413,51947413
2020-06-10T11:40,51843600,51843600,51843600
2020-06-10T11:50,51843600,51843600,51843600
2020-06-10T12:00,51674392,51674392,51674392
2020-06-10T12:10,51566380,51566380,51566380
2020-06-10T12:20,51566380,51566380,51566380
2020-06-10T12:30,51601085,51601085,51601085
2020-06-10T12:40,51702985,51702985,51702985
2020-06-10T12:50,51702985,51702985,51702985
2020-06-10T13:00,51684682,51684682,51684682
2020-06-10T13:10,51872037,51872037,51872037
2020-06-10T13:20,51872037,51872037,51872037
2020-06-10T13:30,51838609,51838609,51838609
2020-06-10T13:40,51881654,51881654,51881654
2020-06-10T13:50,51881654,51881654,51881654
2020-06-10T14:00,51636817,51636817,51636817
2020-06-10T14:10,51943484,51943484,51943484
2020-06-10T14:20,51943484,51943484,51943484
2020-06-10T14:30,51952525,51952525,51952525
2020-06-10T14:40,51693264,51693264,51693264
2020-06-10T14:50,51693264,51693264,51693264
2020-06-10T15:00,51749982,51749982,51749982
2020-06-10T15:10,51759343,51759343,51759343
2020-06-10T15:20,51759343,51759343,51759343
2020-06-10T15:30,51747599,51747599,51747599
2020-06-10T15:40,51652528,51652528,51652528
2020-06-10T15:50,51652528,51652528,51652528
2020-06-10T16:00,51678711,51678711,51678711
2020-06-10T16:10,51857094,51857094,51857094
2020-06-10T16:20,51857094,51857094,51857094
2020-06-10T16:30,51734492,51734492,51734492
2020-06-10T16:40,51761662,51761662,51761662
2020-06-10T16:50,51761662,51761662,51761662
2020-06-10T17:00,52264513,52264513,52264513
2020-06-10T17:10,51760124,51760124,51760124
2020-06-10T17:20,51760124,51760124,51760124
2020-06-10T17:30,51697404,51697404,51697404
2020-06-10T17:40,51574820,51574820,51574820
2020-06-10T17:50,51574820,51574820,51574820
2020-06-10T18:00,51463675,51463675,51463675
2020-06-10T18:10,51455687,51455687,51455687
2020-06-10T18:20,51455687,51455687,51455687
2020-06-10T18:30,51267306,51267306,51267306
2020-06-10T18:40,50865720,50865720,50865720
2020-06-10T18:50,50865720,50865720,50865720
2020-06-10T19:00,49087293,49087293,49087293
2020-06-10T19:10,49319039,49319039,49319039
2020-06-10T19:20,49319039,49319039,49319039
2020-06-10T19:30,49163796,49163796,49163796
2020-06-10T19:40,49128608,49128608,49128608
2020-06-10T19:50,49128608,49128608,49128608
2020-06-10T20:00,49926529,49926529,49926529
2020-06-10T20:10,49942395,49942395,49942395
2020-06-10T20:20,49942395,49942395,49942395
2020-06-10T20:30,50045254,50045254,50045254
2020-06-10T20:40,50136730,50136730,50136730
2020-06-10T20:50,50136730,50136730,50136730
2020-06-10T21:00,50051648,50051648,50051648
2020-06-10T21:10,49936666,49936666,49936666
2020-06-10T21:20,49936666,49936666,49936666
2020-06-10T21:30,50144461,50144461,50144461
2020-06-10T21:40,49773878,49773878,49773878
2020-06-10T21:50,49773878,49773878,49773878
2020-06-10T22:00,49473778,49473778,49473778
2020-06-10T22:10,49624409,49624409,49624409
2020-06-10T22:20,49624409,49624409,49624409
2020-06-10T22:30,50030891,50030891,50030891
2020-06-10T22:40,49449091,49449091,49449091
2020-06-10T22:50,49449091,49449091,49449091
2020-06-10T23:00,49625189,49625189,49625189
2020-06-10T23:10,49572198,49572198,49572198
2020-06-10T23:20,49572198,49572198,49572198
2020-06-10T23:30,49649246,49649246,49649246
2020-06-10T23:40,49742293,49742293,49742293
2020-06-10T23:50,49742293,49742293,49742293
2020-06-11T00:00,49834355,49834355,49834355
2020-06-11T00:10,50085502,50085502,50085502
2020-06-11T00:20,50085502,50085502,50085502
2020-06-11T00:30,50177143,50177143,50177143
2020-06-11T00:40,50787513,50787513,50787513
2020-06-11T00:50,50787513,50787513,50787513
2020-06-11T01:00,50499026,50499026,50499026
2020-06-11T01:10,50520511,50520511,50520511
2020-06-11T01:20,50520511,50520511,50520511
2020-06-11T01:30,50435899,50435899,50435899
2020-06-11T01:40,50703108,50703108,50703108
2020-06-11T01:50,50703108,50703108,50703108
2020-06-11T02:00,50658804,50658804,50658804
2020-06-11T02:10,50854381,50854381,50854381
2020-06-11T02:20,50854381,50854381,50854381
2020-06-11T02:30,50716143,50716143,50716143
2020-06-11T02:40,50652165,50652165,50652165
2020-06-11T02:50,50652165,50652165,50652165
2020-06-11T03:00,50621630,50621630,50621630
2020-06-11T03:10,50645677,50645677,50645677
2020-06-11T03:20,50645677,50645677,50645677
2020-06-11T03:30,50345284,50345284,50345284
2020-06-11T03:40,50074802,50074802,50074802
2020-06-11T03:50,50074802,50074802,50074802
2020-06-11T04:00,50000458,50000458,50000458
2020-06-11T04:10,50018758,50018758,50018758
2020-06-11T04:20,50018758,50018758,50018758
2020-06-11T04:30,50183458,50183458,50183458
2020-06-11T04:40,50120629,50120629,50120629
2020-06-11T04:50,50120629,50120629,50120629
2020-06-11T05:00,50219063,50219063,50219063
2020-06-11T05:10,50311527,50311527,50311527
2020-06-11T05:20,50311527,50311527,50311527
2020-06-11T05:30,50404246,50404246,50404246
2020-06-11T05:40,50443262,50443262,50443262
2020-06-11T05:50,50443262,50443262,50443262
2020-06-11T06:00,50487714,50487714,50487714
2020-06-11T06:10,50483182,50483182,50483182
2020-06-11T06:20,50483182,50483182,50483182
2020-06-11T06:30,50502500,50502500,50502500
2020-06-11T06:40,50317663,50317663,50317663
2020-06-11T06:50,50317663,50317663,50317663
2020-06-11T07:00,50299140,50299140,50299140
2020-06-11T07:10,50196482,50196482,50196482
2020-06-11T07:20,50196482,50196482,50196482
2020-06-11T07:30,50500725,50500725,50500725
2020-06-11T07:40,50583060,50583060,50583060
2020-06-11T07:50,50583060,50583060,50583060
2020-06-11T08:00,50719749,50719749,50719749
2020-06-11T08:10,50781695,50781695,50781695
2020-06-11T08:20,50781695,50781695,50781695
2020-06-11T08:30,50856943,50856943,50856943
2020-06-11T08:40,51127051,51127051,51127051
2020-06-11T08:50,51127051,51127051,51127051
2020-06-11T09:00,51132124,51132124,51132124
2020-06-11T09:10,51146532,51146532,51146532
2020-06-11T09:20,51146532,51146532,51146532
2020-06-11T09:30,51252784,51252784,51252784
2020-06-11T09:40,51307448,51307448,51307448
2020-06-11T09:50,51307448,51307448,51307448
2020-06-11T10:00,51464632,51464632,51464632
2020-06-11T10:10,51465515,51465515,51465515
2020-06-11T10:20,51465515,51465515,51465515
2020-06-11T10:30,51412222,51412222,51412222
2020-06-11T10:40,51467015,51467015,51467015
2020-06-11T10:50,51467015,51467015,51467015
2020-06-11T11:00,51631633,51631633,51631633
2020-06-11T11:10,51663826,51663826,51663826
2020-06-11T11:20,51663826,51663826,51663826
2020-06-11T11:30,51643091,51643091,51643091
2020-06-11T11:40,51819438,51819438,51819438
2020-06-11T11:50,51819438,51819438,51819438
2020-06-11T12:00,51974898,51974898,51974898
2020-06-11T12:10,51831082,51831082,51831082
2020-06-11T12:20,51831082,51831082,51831082
2020-06-11T12:30,52046946,52046946,52046946
2020-06-11T12:40,52106596,52106596,52106596
2020-06-11T12:50,52106596,52106596,52106596
2020-06-11T13:00,51885926,51885926,51885926
2020-06-11T13:10,52127248,52127248,52127248
2020-06-11T13:20,52127248,52127248,52127248
2020-06-11T13:30,51579677,51579677,51579677
2020-06-11T13:40,51092830,51092830,51092830
2020-06-11T13:50,51092830,51092830,51092830
2020-06-11T14:00,50249234,50249234,50249234
2020-06-11T14:10,50249234,50249234,50249234
2020-06-11T14:20,50230112,50230112,50230112
2020-06-11T14:30,50265851,50265851,50265851
2020-06-11T14:40,50265851,50265851,50265851
2020-06-11T14:50,50344704,50344704,50344704
2020-06-11T15:00,50761737,50761737,50761737
2020-06-11T15:10,50697831,50697831,50697831
2020-06-11T15:20,50697831,50697831,50697831
2020-06-11T15:30,48687596,48687596,48687596
2020-06-11T15:40,49387433,49387433,49387433
2020-06-11T15:50,49387433,49387433,49387433
2020-06-11T16:00,49259239,49259239,49259239
2020-06-11T16:10,49593873,49593873,49593873
2020-06-11T16:20,49593873,49593873,49593873
2020-06-11T16:30,49655815,49655815,49655815
2020-06-11T16:40,49135934,49135934,49135934
2020-06-11T16:50,49135934,49135934,49135934
2020-06-11T17:00,47542016,47542016,47542016
2020-06-11T17:10,44362383,44362383,44362383
2020-06-11T17:20,44362383,44362383,44362383
2020-06-11T17:30,44397989,44397989,44397989
2020-06-11T17:40,44397989,44397989,44397989
2020-06-11T17:50,45144658,45144658,45144658
2020-06-11T18:00,45113646,45113646,45113646
2020-06-11T18:10,45113646,45113646,45113646
2020-06-11T18:20,44689256,44689256,44689256
2020-06-11T18:30,44536836,44536836,44536836
2020-06-11T18:40,44536836,44536836,44536836
2020-06-11T18:50,44544593,44544593,44544593
2020-06-11T19:00,44487888,44487888,44487888
2020-06-11T19:10,44487888,44487888,44487888
2020-06-11T19:20,44724055,44724055,44724055
2020-06-11T19:30,44945591,44945591,44945591
2020-06-11T19:40,44913801,44913801,44913801
2020-06-11T19:50,44913801,44913801,44913801
2020-06-11T20:00,45211294,45211294,45211294
2020-06-11T20:10,45599318,45599318,45599318
2020-06-11T20:20,45599318,45599318,45599318
2020-06-11T20:30,45469271,45469271,45469271
2020-06-11T20:40,45361576,45361576,45361576
2020-06-11T20:50,45361576,45361576,45361576
2020-06-11T21:00,45246944,45246944,45246944
2020-06-11T21:10,45246944,45246944,45246944
2020-06-11T21:20,45425646,45425646,45425646
2020-06-11T21:30,45399396,45399396,45399396
2020-06-11T21:40,45399396,45399396,45399396
2020-06-11T21:50,45564501,45564501,45564501
2020-06-11T22:00,45856604,45856604,45856604
2020-06-11T22:10,45856604,45856604,45856604
2020-06-11T22:20,45810045,45810045,45810045
2020-06-11T22:30,45959617,45959617,45959617
2020-06-11T22:40,45959617,45959617,45959617
2020-06-11T22:50,46167110,46167110,46167110
2020-06-11T23:00,46149554,46149554,46149554
2020-06-11T23:10,46149554,46149554,46149554
2020-06-11T23:20,46437712,46437712,46437712
2020-06-11T23:30,46481069,46481069,46481069
2020-06-11T23:40,46481069,46481069,46481069
2020-06-11T23:50,46516017,46516017,46516017
2020-06-12T00:00,46266499,46266499,46266499
2020-06-12T00:10,46266499,46266499,46266499
2020-06-12T00:20,46165529,46165529,46165529
2020-06-12T00:30,46002645,46002645,46002645
2020-06-12T00:40,46002645,46002645,46002645
2020-06-12T00:50,46090404,46090404,46090404
2020-06-12T01:00,46340046,46340046,46340046
2020-06-12T01:10,46340046,46340046,46340046
2020-06-12T01:20,46261965,46261965,46261965
2020-06-12T01:30,46642890,46642890,46642890
2020-06-12T01:40,46642890,46642890,46642890
2020-06-12T01:50,47137878,47137878,47137878
2020-06-12T02:00,47420945,47420945,47420945
2020-06-12T02:10,47420945,47420945,47420945
2020-06-12T02:20,47418642,47418642,47418642
2020-06-12T02:30,48422543,48422543,48422543
2020-06-12T02:40,48422543,48422543,48422543
2020-06-12T02:50,48541476,48541476,48541476
2020-06-12T03:00,48628517,48628517,48628517
2020-06-12T03:10,48628517,48628517,48628517
2020-06-12T03:20,48298558,48298558,48298558
2020-06-12T03:30,48307581,48307581,48307581
2020-06-12T03:40,48307581,48307581,48307581
2020-06-12T03:50,48437125,48437125,48437125
2020-06-12T04:00,48498435,48498435,48498435
2020-06-12T04:10,48498435,48498435,48498435
2020-06-12T04:20,48613669,48613669,48613669
2020-06-12T04:30,48633544,48633544,48633544
2020-06-12T04:40,48633544,48633544,48633544
2020-06-12T04:50,48634578,48634578,48634578
2020-06-12T05:00,48613122,48613122,48613122
2020-06-12T05:10,48613122,48613122,48613122
2020-06-12T05:20,48466324,48466324,48466324
2020-06-12T05:30,48500254,48500254,48500254
2020-06-12T05:40,48500254,48500254,48500254
2020-06-12T05:50,47052942,47052942,47052942
2020-06-12T06:00,46895184,46895184,46895184
2020-06-12T06:10,46895184,46895184,46895184
2020-06-12T06:20,46779533,46779533,46779533
2020-06-12T06:30,47181271,47181271,47181271
2020-06-12T06:40,47181271,47181271,47181271
2020-06-12T06:50,47260153,47260153,47260153
2020-06-12T07:00,47400610,47400610,47400610
2020-06-12T07:10,47400610,47400610,47400610
2020-06-12T07:20,47242974,47242974,47242974
2020-06-12T07:30,47146417,47146417,47146417
2020-06-12T07:40,47146417,47146417,47146417
2020-06-12T07:50,47121376,47121376,47121376
2020-06-12T08:00,47352894,47352894,47352894
2020-06-12T08:10,47352894,47352894,47352894
2020-06-12T08:20,47604703,47604703,47604703
2020-06-12T08:30,47912788,47912788,47912788
2020-06-12T08:40,47912788,47912788,47912788
2020-06-12T08:50,48061791,48061791,48061791
2020-06-12T09:00,47997642,47997642,47997642
2020-06-12T09:10,47997642,47997642,47997642
2020-06-12T09:20,48034215,48034215,48034215
2020-06-12T09:30,48125893,48125893,48125893
2020-06-12T09:40,48125893,48125893,48125893
2020-06-12T09:50,48221947,48221947,48221947
2020-06-12T10:00,48158179,48158179,48158179
2020-06-12T10:10,48158179,48158179,48158179
2020-06-12T10:20,48020252,48020252,48020252
2020-06-12T10:30,47923076,47923076,47923076
2020-06-12T10:40,47923076,47923076,47923076
2020-06-12T10:50,47984418,47984418,47984418
2020-06-12T11:00,47972927,47972927,47972927
2020-06-12T11:10,47972927,47972927,47972927
2020-06-12T11:20,47891861,47891861,47891861
2020-06-12T11:30,47490043,47490043,47490043
2020-06-12T11:40,47490043,47490043,47490043
2020-06-12T11:50,47660738,47660738,47660738
2020-06-12T12:00,47754591,47754591,47754591
2020-06-12T12:10,47754591,47754591,47754591
2020-06-12T12:20,48168644,48168644,48168644
2020-06-12T12:30,47482241,47482241,47482241
2020-06-12T12:40,47482241,47482241,47482241
2020-06-12T12:50,47648294,47648294,47648294
2020-06-12T13:00,47517659,47517659,47517659
2020-06-12T13:10,47517659,47517659,47517659
2020-06-12T13:20,47553447,47553447,47553447
2020-06-12T13:30,47884156,47884156,47884156
2020-06-12T13:40,47884156,47884156,47884156
2020-06-12T13:50,49018118,49018118,49018118
2020-06-12T14:00,49322531,49322531,49322531
2020-06-12T14:10,49322531,49322531,49322531
2020-06-12T14:20,48892690,48892690,48892690
2020-06-12T14:30,48875116,48875116,48875116
2020-06-12T14:40,48875116,48875116,48875116
2020-06-12T14:50,49912078,49912078,49912078
2020-06-12T15:00,48895784,48895784,48895784
2020-06-12T15:10,48895784,48895784,48895784
2020-06-12T15:20,49934082,49934082,49934082
2020-06-12T15:30,49915891,49915891,49915891
2020-06-12T15:40,49915891,49915891,49915891
2020-06-12T15:50,49923765,49923765,49923765
2020-06-12T16:00,50122529,50122529,50122529
2020-06-12T16:10,50122529,50122529,50122529
2020-06-12T16:20,50779632,50779632,50779632
2020-06-12T16:30,50747263,50747263,50747263
2020-06-12T16:40,50747263,50747263,50747263
2020-06-12T16:50,50338772,50338772,50338772
2020-06-12T17:00,50401344,50401344,50401344
2020-06-12T17:10,50401344,50401344,50401344
2020-06-12T17:20,50551276,50551276,50551276
2020-06-12T17:30,50504988,50504988,50504988
2020-06-12T17:40,50504988,50504988,50504988
2020-06-12T17:50,50434971,50434971,50434971
2020-06-12T18:00,50419918,50419918,50419918
2020-06-12T18:10,50419918,50419918,50419918
2020-06-12T18:20,50373631,50373631,50373631
2020-06-12T18:30,50312621,50312621,50312621
2020-06-12T18:40,50312621,50312621,50312621
2020-06-12T18:50,50168353,50168353,50168353
2020-06-12T19:00,50330712,50330712,50330712
2020-06-12T19:10,50330712,50330712,50330712
2020-06-09T19:10,48953803,48953803,48953803
2020-06-09T19:20,48953803,48953803,48953803
2020-06-09T19:30,48842436,48842436,48842436
2020-06-09T19:40,49183897,49183897,49183897
2020-06-09T19:50,49183897,49183897,49183897
2020-06-09T20:00,49822236,49822236,49822236
2020-06-09T20:10,49718537,49718537,49718537
2020-06-09T20:20,101185944,101185944,101185944
2020-06-09T20:30,101287206,101287206,101287206
2020-06-09T20:40,61523659,61523659,61523659
2020-06-09T20:50,61429771,61429771,61429771
2020-06-09T21:00,61406110,61406110,61406110
2020-06-09T21:10,61406110,61406110,61406110
2020-06-09T21:20,61109672,61109672,61109672
2020-06-09T21:30,61145161,61145161,61145161
2020-06-09T21:40,61135235,61135235,61135235
2020-06-09T21:50,61149568,61149568,61149568
2020-06-09T22:00,60890896,60890896,60890896
2020-06-09T22:10,61505921,61505921,61505921
2020-06-09T22:20,61005833,61005833,61005833
2020-06-09T22:30,60702386,60702386,60702386
2020-06-09T22:40,48810030,48810030,48810030
2020-06-09T22:50,48810030,48810030,48810030
2020-06-09T23:00,49099834,49099834,49099834
2020-06-09T23:10,60306590,60306590,60306590
2020-06-09T23:20,60277999,60277999,60277999
2020-06-09T23:30,60337216,60337216,60337216
2020-06-09T23:40,60343159,60343159,60343159
2020-06-09T23:50,60450753,60450753,60450753
2020-06-10T00:00,60672952,60672952,60672952
2020-06-10T00:10,49193303,49193303,49193303
2020-06-10T00:20,49193303,49193303,49193303
2020-06-10T00:30,49264291,49264291,49264291
2020-06-10T00:40,49361131,49361131,49361131
2020-06-10T00:50,103449118,103449118,103449118
2020-06-10T01:00,103508062,103508062,103508062
2020-06-10T01:10,103441341,103441341,103441341
2020-06-10T01:20,103339183,103339183,103339183
2020-06-10T01:30,104081434,104081434,104081434
2020-06-10T01:40,104181034,104181034,104181034
2020-06-10T01:50,104030574,104030574,104030574
2020-06-10T02:00,60131013,60131013,60131013
2020-06-10T02:10,60209712,60209712,60209712
2020-06-10T02:20,60223420,60223420,60223420
2020-06-10T02:30,60223420,60223420,60223420
2020-06-10T02:40,60145128,60145128,60145128
2020-06-10T02:50,49462475,49462475,49462475
2020-06-10T03:00,49407480,49407480,49407480
2020-06-10T03:10,104341061,104341061,104341061
2020-06-10T03:20,104319196,104319196,104319196
2020-06-10T03:30,104376934,104376934,104376934
2020-06-10T03:40,104298090,104298090,104298090
2020-06-10T03:50,49537375,49537375,49537375
2020-06-10T04:00,49535359,49535359,49535359
2020-06-10T04:10,49814982,49814982,49814982
2020-06-10T04:20,49814982,49814982,49814982
2020-06-10T04:30,49770816,49770816,49770816
2020-06-10T04:40,60378014,60378014,60378014
2020-06-10T04:50,60412148,60412148,60412148
2020-06-10T05:00,60431196,60431196,60431196
2020-06-10T05:10,60303445,60303445,60303445
2020-06-10T05:20,59702628,59702628,59702628
2020-06-10T05:30,102874362,102874362,102874362
2020-06-10T05:40,102936017,102936017,102936017
2020-06-10T05:50,102739600,102739600,102739600
2020-06-10T06:00,102625254,102625254,102625254
2020-06-10T06:10,102600682,102600682,102600682
2020-06-10T06:20,102699683,102699683,102699683
2020-06-10T06:30,102699683,102699683,102699683
2020-06-10T06:40,102507919,102507919,102507919
2020-06-10T06:50,50365040,50365040,50365040
2020-06-10T07:00,50278725,50278725,50278725
2020-06-10T07:10,50706804,50706804,50706804
2020-06-10T07:20,50706804,50706804,50706804
2020-06-10T07:30,59564294,59564294,59564294
2020-06-10T07:40,59498638,59498638,59498638
2020-06-10T07:50,103640541,103640541,103640541
2020-06-10T08:00,103209807,103209807,103209807
2020-06-10T08:10,103537698,103537698,103537698
2020-06-10T08:20,104154967,104154967,104154967
2020-06-10T08:30,104159875,104159875,104159875
2020-06-10T08:40,104159875,104159875,104159875
2020-06-10T08:50,104108235,104108235,104108235
2020-06-10T09:00,104156020,104156020,104156020
2020-06-10T09:10,51334398,51334398,51334398
2020-06-10T09:20,51334398,51334398,51334398
2020-06-10T09:30,51833750,51833750,51833750
2020-06-10T09:40,51944382,51944382,51944382
2020-06-10T09:50,51944382,51944382,51944382
2020-06-10T10:00,51965229,51965229,51965229
2020-06-10T10:10,103703421,103703421,103703421
2020-06-10T10:20,60116266,60116266,60116266
2020-06-10T10:30,60116474,60116474,60116474
2020-06-10T10:40,60116504,60116504,60116504
2020-06-10T10:50,60368053,60368053,60368053
2020-06-10T11:00,51826871,51826871,51826871
2020-06-10T11:10,51788352,51788352,51788352
2020-06-10T11:20,51788352,51788352,51788352
2020-06-10T11:30,51947413,51947413,51947413
2020-06-10T11:40,51843600,51843600,51843600
2020-06-10T11:50,51843600,51843600,51843600
2020-06-10T12:00,51674392,51674392,51674392
2020-06-10T12:10,51566380,51566380,51566380
2020-06-10T12:20,51566380,51566380,51566380
2020-06-10T12:30,103263368,103263368,103263368
2020-06-10T12:40,103312216,103312216,103312216
2020-06-10T12:50,103299519,103299519,103299519
2020-06-10T13:00,103299519,103299519,103299519
2020-06-10T13:10,60474754,60474754,60474754
2020-06-10T13:20,60503934,60503934,60503934
2020-06-10T13:30,60556253,60556253,60556253
2020-06-10T13:40,60315106,60315106,60315106
2020-06-10T13:50,60345193,60345193,60345193
2020-06-10T14:00,60508640,60508640,60508640
2020-06-10T14:10,60506726,60506726,60506726
2020-06-10T14:20,60506696,60506696,60506696
2020-06-10T14:30,60127517,60127517,60127517
2020-06-10T14:40,60126444,60126444,60126444
2020-06-10T14:50,103162356,103162356,103162356
2020-06-10T15:00,103213665,103213665,103213665
2020-06-10T15:10,51759343,51759343,51759343
2020-06-10T15:20,51759343,51759343,51759343
2020-06-10T15:30,51747599,51747599,51747599
2020-06-10T15:40,51652528,51652528,51652528
2020-06-10T15:50,51652528,51652528,51652528
2020-06-10T16:00,60873075,60873075,60873075
2020-06-10T16:10,61155861,61155861,61155861
2020-06-10T16:20,61218589,61218589,61218589
2020-06-10T16:30,61218191,61218191,61218191
2020-06-10T16:40,61182364,61182364,61182364
2020-06-10T16:50,61100635,61100635,61100635
2020-06-10T17:00,61808595,61808595,61808595
2020-06-10T17:10,103045213,103045213,103045213
2020-06-10T17:20,103045213,103045213,103045213
2020-06-10T17:30,103096676,103096676,103096676
2020-06-10T17:40,103096696,103096696,103096696
2020-06-10T17:50,103177302,103177302,103177302
2020-06-10T18:00,51463675,51463675,51463675
2020-06-10T18:10,51455687,51455687,51455687
2020-06-10T18:20,51455687,51455687,51455687
2020-06-10T18:30,61785571,61785571,61785571
2020-06-10T18:40,60668568,60668568,60668568
2020-06-10T18:50,60871622,60871622,60871622
2020-06-10T19:00,60467347,60467347,60467347
2020-06-10T19:10,60867998,60867998,60867998
2020-06-10T19:20,61123910,61123910,61123910
2020-06-10T19:30,49163796,49163796,49163796
2020-06-10T19:40,101415907,101415907,101415907
2020-06-10T19:50,101441208,101441208,101441208
2020-06-10T20:00,101446923,101446923,101446923
2020-06-10T20:10,101518620,101518620,101518620
2020-06-10T20:20,101551429,101551429,101551429
2020-06-10T20:30,100981655,100981655,100981655
2020-06-10T20:40,101010561,101010561,101010561
2020-06-10T20:50,101023116,101023116,101023116
2020-06-10T21:00,50051648,50051648,50051648
2020-06-10T21:10,49936666,49936666,49936666
2020-06-10T21:20,60141932,60141932,60141932
2020-06-10T21:30,60107244,60107244,60107244
2020-06-10T21:40,60560523,60560523,60560523
2020-06-10T21:50,100888300,100888300,100888300
2020-06-10T22:00,100779421,100779421,100779421
2020-06-10T22:10,100639649,100639649,100639649
2020-06-10T22:20,100816338,100816338,100816338
2020-06-10T22:30,100739758,100739758,100739758
2020-06-10T22:40,100992786,100992786,100992786
2020-06-10T22:50,49449091,49449091,49449091
2020-06-10T23:00,49625189,49625189,49625189
2020-06-10T23:10,49572198,49572198,49572198
2020-06-10T23:20,49572198,49572198,49572198
2020-06-10T23:30,49649246,49649246,49649246
2020-06-10T23:40,49742293,49742293,49742293
2020-06-10T23:50,49742293,49742293,49742293
2020-06-11T00:00,49834355,49834355,49834355
2020-06-11T00:10,60706322,60706322,60706322
2020-06-11T00:20,60645565,60645565,60645565
2020-06-11T00:30,60769098,60769098,60769098
2020-06-11T00:40,61006706,61006706,61006706
2020-06-11T00:50,61135024,61135024,61135024
2020-06-11T01:00,61230394,61230394,61230394
2020-06-11T01:10,61227415,61227415,61227415
2020-06-11T01:20,61233116,61233116,61233116
2020-06-11T01:30,61271235,61271235,61271235
2020-06-11T01:40,60730398,60730398,60730398
2020-06-11T01:50,60514406,60514406,60514406
2020-06-11T02:00,60489990,60489990,60489990
2020-06-11T02:10,60535905,60535905,60535905
2020-06-11T02:20,102623279,102623279,102623279
2020-06-11T02:30,50716143,50716143,50716143
2020-06-11T02:40,50652165,50652165,50652165
2020-06-11T02:50,50652165,50652165,50652165
2020-06-11T03:00,61025586,61025586,61025586
2020-06-11T03:10,61034460,61034460,61034460
2020-06-11T03:20,61087773,61087773,61087773
2020-06-11T03:30,61135749,61135749,61135749
2020-06-11T03:40,60975449,60975449,60975449
2020-06-11T03:50,60862150,60862150,60862150
2020-06-11T04:00,60864183,60864183,60864183
2020-06-11T04:10,60866235,60866235,60866235
2020-06-11T04:20,50018758,50018758,50018758
2020-06-11T04:30,50183458,50183458,50183458
2020-06-11T04:40,102230733,102230733,102230733
2020-06-11T04:50,102294854,102294854,102294854
2020-06-11T05:00,102322656,102322656,102322656
2020-06-11T05:10,102322656,102322656,102322656
2020-06-11T05:20,102370142,102370142,102370142
2020-06-11T05:30,102431578,102431578,102431578
2020-06-11T05:40,102431578,102431578,102431578
2020-06-11T05:50,60776403,60776403,60776403
2020-06-11T06:00,60727802,60727802,60727802
2020-06-11T06:10,60739575,60739575,60739575
2020-06-11T06:20,60708207,60708207,60708207
2020-06-11T06:30,50502500,50502500,50502500
2020-06-11T06:40,50317663,50317663,50317663
2020-06-11T06:50,50317663,50317663,50317663
2020-06-11T07:00,101265029,101265029,101265029
2020-06-11T07:10,101361818,101361818,101361818
2020-06-11T07:20,101469647,101469647,101469647
2020-06-11T07:30,101473616,101473616,101473616
2020-06-11T07:40,98763923,98763923,98763923
2020-06-11T07:50,99042954,99042954,99042954
2020-06-11T08:00,50719749,50719749,50719749
2020-06-11T08:10,50781695,50781695,50781695
2020-06-11T08:20,50781695,50781695,50781695
2020-06-11T08:30,50856943,50856943,50856943
2020-06-11T08:40,62555664,62555664,62555664
2020-06-11T08:50,62561457,62561457,62561457
2020-06-11T09:00,62677609,62677609,62677609
2020-06-11T09:10,63627771,63627771,63627771
2020-06-11T09:20,63656744,63656744,63656744
2020-06-11T09:30,63656833,63656833,63656833
2020-06-11T09:40,63668456,63668456,63668456
2020-06-11T09:50,63739701,63739701,63739701
2020-06-11T10:00,63764321,63764321,63764321
2020-06-11T10:10,63846550,63846550,63846550
2020-06-11T10:20,51465515,51465515,51465515
2020-06-11T10:30,51412222,51412222,51412222
2020-06-11T10:40,51467015,51467015,51467015
2020-06-11T10:50,51467015,51467015,51467015
2020-06-11T11:00,51631633,51631633,51631633
2020-06-11T11:10,51663826,51663826,51663826
2020-06-11T11:20,63810746,63810746,63810746
2020-06-11T11:30,63787775,63787775,63787775
2020-06-11T11:40,63820089,63820089,63820089
2020-06-11T11:50,63825943,63825943,63825943
2020-06-11T12:00,63857402,63857402,63857402
2020-06-11T12:10,63934359,63934359,63934359
2020-06-11T12:20,63876525,63876525,63876525
2020-06-11T12:30,63862955,63862955,63862955
2020-06-11T12:40,63922391,63922391,63922391
2020-06-11T12:50,64032538,64032538,64032538
2020-06-11T13:00,64061641,64061641,64061641
2020-06-11T13:10,64160933,64160933,64160933
2020-06-11T13:20,52127248,52127248,52127248
2020-06-11T13:30,51579677,51579677,51579677
2020-06-11T13:40,64959257,64959257,64959257
2020-06-11T13:50,51092830,51092830,51092830
2020-06-11T14:00,50249234,50249234,50249234
2020-06-11T14:10,50249234,50249234,50249234
2020-06-11T14:20,50230112,50230112,50230112
2020-06-11T14:30,50265851,50265851,50265851
2020-06-11T14:40,50265851,50265851,50265851
2020-06-11T14:50,50344704,50344704,50344704
2020-06-11T15:00,50761737,50761737,50761737
2020-06-11T15:10,50697831,50697831,50697831
2020-06-11T15:20,50697831,50697831,50697831
2020-06-11T15:30,48687596,48687596,48687596
2020-06-11T15:40,49387433,49387433,49387433
2020-06-11T15:50,49387433,49387433,49387433
2020-06-11T16:00,49259239,49259239,49259239
2020-06-11T16:10,66979825,66979825,66979825
2020-06-11T16:20,67259116,67259116,67259116
2020-06-11T16:30,67344049,67344049,67344049
2020-06-11T16:40,67362104,67362104,67362104
2020-06-11T16:50,64489817,64489817,64489817
2020-06-11T17:00,63904929,63904929,63904929
2020-06-11T17:10,62582567,62582567,62582567
2020-06-11T17:20,44362383,44362383,44362383
2020-06-11T17:30,44397989,44397989,44397989
2020-06-11T17:40,44397989,44397989,44397989
2020-06-11T17:50,45144658,45144658,45144658
2020-06-11T18:00,45113646,45113646,45113646
2020-06-11T18:10,45113646,45113646,45113646
2020-06-11T18:20,44689256,44689256,44689256
2020-06-11T18:30,63020911,63020911,63020911
2020-06-11T18:40,62954903,62954903,62954903
2020-06-11T18:50,63557692,63557692,63557692
2020-06-11T19:00,63581030,63581030,63581030
2020-06-11T19:10,63611335,63611335,63611335
2020-06-11T19:20,63648315,63648315,63648315
2020-06-11T19:30,63728489,63728489,63728489
2020-06-11T19:40,64104067,64104067,64104067
2020-06-11T19:50,64039272,64039272,64039272
2020-06-11T20:00,64027911,64027911,64027911
2020-06-11T20:10,64023347,64023347,64023347
2020-06-11T20:20,64202634,64202634,64202634
2020-06-11T20:30,64159607,64159607,64159607
2020-06-11T20:40,63427519,63427519,63427519
2020-06-11T20:50,45361576,45361576,45361576
2020-06-11T21:00,45246944,45246944,45246944
2020-06-11T21:10,62795626,62795626,62795626
2020-06-11T21:20,63265895,63265895,63265895
2020-06-11T21:30,63272201,63272201,63272201
2020-06-11T21:40,63406733,63406733,63406733
2020-06-11T21:50,45564501,45564501,45564501
2020-06-11T22:00,45856604,45856604,45856604
2020-06-11T22:10,45856604,45856604,45856604
2020-06-11T22:20,45810045,45810045,45810045
2020-06-11T22:30,45959617,45959617,45959617
2020-06-11T22:40,45959617,45959617,45959617
2020-06-11T22:50,46167110,46167110,46167110
2020-06-11T23:00,46149554,46149554,46149554
2020-06-11T23:10,46149554,46149554,46149554
2020-06-11T23:20,46437712,46437712,46437712
2020-06-11T23:30,46481069,46481069,46481069
2020-06-11T23:40,46481069,46481069,46481069
2020-06-11T23:50,65258395,65258395,65258395
2020-06-12T00:00,64736072,64736072,64736072
2020-06-12T00:10,65217661,65217661,65217661
2020-06-12T00:20,65376321,65376321,65376321
2020-06-12T00:30,46002645,46002645,46002645
2020-06-12T00:40,46002645,46002645,46002645
2020-06-12T00:50,46090404,46090404,46090404
2020-06-12T01:00,46340046,46340046,46340046
2020-06-12T01:10,46340046,46340046,46340046
2020-06-12T01:20,46261965,46261965,46261965
2020-06-12T01:30,46642890,46642890,46642890
2020-06-12T01:40,46642890,46642890,46642890
2020-06-12T01:50,47137878,47137878,47137878
2020-06-12T02:00,47420945,47420945,47420945
2020-06-12T02:10,47420945,47420945,47420945
2020-06-12T02:20,64062539,64062539,64062539
2020-06-12T02:30,64509994,64509994,64509994
2020-06-12T02:40,64479705,64479705,64479705
2020-06-12T02:50,64333729,64333729,64333729
2020-06-12T03:00,64009469,64009469,64009469
2020-06-12T03:10,63809795,63809795,63809795
2020-06-12T03:20,63576696,63576696,63576696
2020-06-12T03:30,63689251,63689251,63689251
2020-06-12T03:40,63581639,63581639,63581639
2020-06-12T03:50,63740000,63740000,63740000
2020-06-12T04:00,48498435,48498435,48498435
2020-06-12T04:10,48498435,48498435,48498435
2020-06-12T04:20,48613669,48613669,48613669
2020-06-12T04:30,48633544,48633544,48633544
2020-06-12T04:40,48633544,48633544,48633544
2020-06-12T04:50,48634578,48634578,48634578
2020-06-12T05:00,63999516,63999516,63999516
2020-06-12T05:10,63289627,63289627,63289627
2020-06-12T05:20,63810966,63810966,63810966
2020-06-12T05:30,63688259,63688259,63688259
2020-06-12T05:40,63212314,63212314,63212314
2020-06-12T05:50,62720459,62720459,62720459
2020-06-12T06:00,63045214,63045214,63045214
2020-06-12T06:10,62543991,62543991,62543991
2020-06-12T06:20,62558832,62558832,62558832
2020-06-12T06:30,62553086,62553086,62553086
2020-06-12T06:40,62532519,62532519,62532519
2020-06-12T06:50,62459801,62459801,62459801
2020-06-12T07:00,62239666,62239666,62239666
2020-06-12T07:10,62374160,62374160,62374160
2020-06-12T07:20,62205286,62205286,62205286
2020-06-12T07:30,47146417,47146417,47146417
2020-06-12T07:40,47146417,47146417,47146417
2020-06-12T07:50,47121376,47121376,47121376
2020-06-12T08:00,47352894,47352894,47352894
2020-06-12T08:10,47352894,47352894,47352894
2020-06-12T08:20,47604703,47604703,47604703
2020-06-12T08:30,47912788,47912788,47912788
2020-06-12T08:40,47912788,47912788,47912788
2020-06-12T08:50,48061791,48061791,48061791
2020-06-12T09:00,47997642,47997642,47997642
2020-06-12T09:10,47997642,47997642,47997642
2020-06-12T09:20,48034215,48034215,48034215
2020-06-12T09:30,48125893,48125893,48125893
2020-06-12T09:40,48125893,48125893,48125893
2020-06-12T09:50,48221947,48221947,48221947
2020-06-12T10:00,48158179,48158179,48158179
2020-06-12T10:10,60324149,60324149,60324149
2020-06-12T10:20,60416166,60416166,60416166
2020-06-12T10:30,60509906,60509906,60509906
2020-06-12T10:40,60450218,60450218,60450218
2020-06-12T10:50,60387729,60387729,60387729
2020-06-12T11:00,47972927,47972927,47972927
2020-06-12T11:10,47972927,47972927,47972927
2020-06-12T11:20,47891861,47891861,47891861
2020-06-12T11:30,47490043,47490043,47490043
2020-06-12T11:40,47490043,47490043,47490043
2020-06-12T11:50,47660738,47660738,47660738
2020-06-12T12:00,47754591,47754591,47754591
2020-06-12T12:10,47754591,47754591,47754591
2020-06-12T12:20,48168644,48168644,48168644
2020-06-12T12:30,47482241,47482241,47482241
2020-06-12T12:40,47482241,47482241,47482241
2020-06-12T12:50,60940216,60940216,60940216
2020-06-12T13:00,61045059,61045059,61045059
2020-06-12T13:10,61070824,61070824,61070824
2020-06-12T13:20,61106742,61106742,61106742
2020-06-12T13:30,61346278,61346278,61346278
2020-06-12T13:40,61454865,61454865,61454865
2020-06-12T13:50,61398763,61398763,61398763
2020-06-12T14:00,60550159,60550159,60550159
2020-06-12T14:10,61004004,61004004,61004004
2020-06-12T14:20,61256364,61256364,61256364
2020-06-12T14:30,48875116,48875116,48875116
2020-06-12T14:40,48875116,48875116,48875116
2020-06-12T14:50,49912078,49912078,49912078
2020-06-12T15:00,48895784,48895784,48895784
2020-06-12T15:10,48895784,48895784,48895784
2020-06-12T15:20,62049186,62049186,62049186
2020-06-12T15:30,62129168,62129168,62129168
2020-06-12T15:40,63417563,63417563,63417563
2020-06-12T15:50,62764646,62764646,62764646
2020-06-12T16:00,62818274,62818274,62818274
2020-06-12T16:10,62688590,62688590,62688590
2020-06-12T16:20,62370600,62370600,62370600
2020-06-12T16:30,62484534,62484534,62484534
2020-06-12T16:40,62762481,62762481,62762481
2020-06-12T16:50,63910763,63910763,63910763
2020-06-12T17:00,63881962,63881962,63881962
2020-06-12T17:10,63437757,63437757,63437757
2020-06-12T17:20,63568363,63568363,63568363
2020-06-12T17:30,63820052,63820052,63820052
2020-06-12T17:40,63811821,63811821,63811821
2020-06-12T17:50,50434971,50434971,50434971
2020-06-12T18:00,63935421,63935421,63935421
2020-06-12T18:10,50419918,50419918,50419918
2020-06-12T18:20,50373631,50373631,50373631
2020-06-12T18:30,50312621,50312621,50312621
2020-06-12T18:40,50312621,50312621,50312621
2020-06-12T18:50,50168353,50168353,50168353
2020-06-12T19:00,50330712,50330712,50330712
2020-06-12T19:10,50330712,50330712,50330712
2020-06-09T19:10,15727380,15727380,15727380
2020-06-09T19:20,15727380,15727380,15727380
2020-06-09T19:30,15937397,15937397,15937397
2020-06-09T19:40,16014780,16014780,16014780
2020-06-09T19:50,16107965,16107965,16107965
2020-06-09T20:00,16030866,16030866,16030866
2020-06-09T20:10,16137077,16137077,16137077
2020-06-09T20:20,16180516,16180516,16180516
2020-06-09T20:30,16339937,16339937,16339937
2020-06-09T20:40,16414589,16414589,16414589
2020-06-09T20:50,16431272,16431272,16431272
2020-06-09T21:00,16361709,16361709,16361709
2020-06-09T21:10,16361709,16361709,16361709
2020-06-09T21:20,16365331,16365331,16365331
2020-06-09T21:30,16398005,16398005,16398005
2020-06-09T21:40,16441242,16441242,16441242
2020-06-09T21:50,16444097,16444097,16444097
2020-06-09T22:00,16322821,16322821,16322821
2020-06-09T22:10,16156847,16156847,16156847
2020-06-09T22:20,16138334,16138334,16138334
2020-06-09T22:30,16143253,16143253,16143253
2020-06-09T22:40,16215856,16215856,16215856
2020-06-09T22:50,16211584,16211584,16211584
2020-06-09T23:00,16301930,16301930,16301930
2020-06-09T23:10,16436926,16436926,16436926
2020-06-09T23:20,16429739,16429739,16429739
2020-06-09T23:30,16386193,16386193,16386193
2020-06-09T23:40,16387131,16387131,16387131
2020-06-09T23:50,16441765,16441765,16441765
2020-06-10T00:00,16606650,16606650,16606650
2020-06-10T00:10,16742364,16742364,16742364
2020-06-10T00:20,16896063,16896063,16896063
2020-06-10T00:30,16746644,16746644,16746644
2020-06-10T00:40,16674296,16674296,16674296
2020-06-10T00:50,16632976,16632976,16632976
2020-06-10T01:00,16609891,16609891,16609891
2020-06-10T01:10,16516389,16516389,16516389
2020-06-10T01:20,16604321,16604321,16604321
2020-06-10T01:30,16528379,16528379,16528379
2020-06-10T01:40,16212014,16212014,16212014
2020-06-10T01:50,16048710,16048710,16048710
2020-06-10T02:00,16056553,16056553,16056553
2020-06-10T02:10,16227601,16227601,16227601
2020-06-10T02:20,16393883,16393883,16393883
2020-06-10T02:30,16476480,16476480,16476480
2020-06-10T02:40,16677419,16677419,16677419
2020-06-10T02:50,16702021,16702021,16702021
2020-06-10T03:00,16701193,16701193,16701193
2020-06-10T03:10,16704575,16704575,16704575
2020-06-10T03:20,16801110,16801110,16801110
2020-06-10T03:30,16950156,16950156,16950156
2020-06-10T03:40,16886436,16886436,16886436
2020-06-10T03:50,16885649,16885649,16885649
2020-06-10T04:00,16885345,16885345,16885345
2020-06-10T04:10,16782181,16782181,16782181
2020-06-10T04:20,16562239,16562239,16562239
2020-06-10T04:30,16479022,16479022,16479022
2020-06-10T04:40,16483160,16483160,16483160
2020-06-10T04:50,16379811,16379811,16379811
2020-06-10T05:00,16423336,16423336,16423336
2020-06-10T05:10,16114562,16114562,16114562
2020-06-10T05:20,15726217,15726217,15726217
2020-06-10T05:30,15979687,15979687,15979687
2020-06-10T05:40,15787959,15787959,15787959
2020-06-10T05:50,15622691,15622691,15622691
2020-06-10T06:00,15702558,15702558,15702558
2020-06-10T06:10,15660845,15660845,15660845
2020-06-10T06:20,15829268,15829268,15829268
2020-06-10T06:30,15687289,15687289,15687289
2020-06-10T06:40,15652558,15652558,15652558
2020-06-10T06:50,15654667,15654667,15654667
2020-06-10T07:00,15667506,15667506,15667506
2020-06-10T07:10,15647878,15647878,15647878
2020-06-10T07:20,15495584,15495584,15495584
2020-06-10T07:30,16150466,16150466,16150466
2020-06-10T07:40,16111607,16111607,16111607
2020-06-10T07:50,16101936,16101936,16101936
2020-06-10T08:00,16093917,16093917,16093917
2020-06-10T08:10,16190153,16190153,16190153
2020-06-10T08:20,16366185,16366185,16366185
2020-06-10T08:30,16257208,16257208,16257208
2020-06-10T08:40,16230895,16230895,16230895
2020-06-10T08:50,16184918,16184918,16184918
2020-06-10T09:00,16096801,16096801,16096801
2020-06-10T09:10,16376873,16376873,16376873
2020-06-10T09:20,16318050,16318050,16318050
2020-06-10T09:30,16258474,16258474,16258474
2020-06-10T09:40,16219250,16219250,16219250
2020-06-10T09:50,15995040,15995040,15995040
2020-06-10T10:00,15866789,15866789,15866789
2020-06-10T10:10,15996475,15996475,15996475
2020-06-10T10:20,16021521,16021521,16021521
2020-06-10T10:30,16038287,16038287,16038287
2020-06-10T10:40,16039083,16039083,16039083
2020-06-10T10:50,16039083,16039083,16039083
2020-06-10T11:00,16152111,16152111,16152111
2020-06-10T11:10,16152912,16152912,16152912
2020-06-10T11:20,16402617,16402617,16402617
2020-06-10T11:30,16402617,16402617,16402617
2020-06-10T11:40,16392069,16392069,16392069
2020-06-10T11:50,16499653,16499653,16499653
2020-06-10T12:00,16572271,16572271,16572271
2020-06-10T12:10,16465243,16465243,16465243
2020-06-10T12:20,16208500,16208500,16208500
2020-06-10T12:30,16238390,16238390,16238390
2020-06-10T12:40,16275263,16275263,16275263
2020-06-10T12:50,16073499,16073499,16073499
2020-06-10T13:00,16082519,16082519,16082519
2020-06-10T13:10,15936495,15936495,15936495
2020-06-10T13:20,16048955,16048955,16048955
2020-06-10T13:30,16101243,16101243,16101243
2020-06-10T13:40,16475447,16475447,16475447
2020-06-10T13:50,16457014,16457014,16457014
2020-06-10T14:00,16462663,16462663,16462663
2020-06-10T14:10,16386869,16386869,16386869
2020-06-10T14:20,16176940,16176940,16176940
2020-06-10T14:30,16647654,16647654,16647654
2020-06-10T14:40,16770547,16770547,16770547
2020-06-10T14:50,16734946,16734946,16734946
2020-06-10T15:00,16750905,16750905,16750905
2020-06-10T15:10,16527703,16527703,16527703
2020-06-10T15:20,16646857,16646857,16646857
2020-06-10T15:30,16459397,16459397,16459397
2020-06-10T15:40,16148245,16148245,16148245
2020-06-10T15:50,16245353,16245353,16245353
2020-06-10T16:00,16245236,16245236,16245236
2020-06-10T16:10,16371829,16371829,16371829
2020-06-10T16:20,16500074,16500074,16500074
2020-06-10T16:30,16516799,16516799,16516799
2020-06-10T16:40,16511936,16511936,16511936
2020-06-10T16:50,16593608,16593608,16593608
2020-06-10T17:00,16592785,16592785,16592785
2020-06-10T17:10,16763018,16763018,16763018
2020-06-10T17:20,16771343,16771343,16771343
2020-06-10T17:30,16872814,16872814,16872814
2020-06-10T17:40,16896786,16896786,16896786
2020-06-10T17:50,16896786,16896786,16896786
2020-06-10T18:00,16853520,16853520,16853520
2020-06-10T18:10,16688735,16688735,16688735
2020-06-10T18:20,16447979,16447979,16447979
2020-06-10T18:30,16156308,16156308,16156308
2020-06-10T18:40,15889993,15889993,15889993
2020-06-10T18:50,15256588,15256588,15256588
2020-06-10T19:00,15216806,15216806,15216806
2020-06-10T19:10,15204544,15204544,15204544
2020-06-10T19:20,15266082,15266082,15266082
2020-06-10T19:30,15191588,15191588,15191588
2020-06-10T19:40,15012780,15012780,15012780
2020-06-10T19:50,15021715,15021715,15021715
2020-06-10T20:00,15029658,15029658,15029658
2020-06-10T20:10,15073082,15073082,15073082
2020-06-10T20:20,15002761,15002761,15002761
2020-06-10T20:30,14980494,14980494,14980494
2020-06-10T20:40,15080616,15080616,15080616
2020-06-10T20:50,15109710,15109710,15109710
2020-06-10T21:00,15105133,15105133,15105133
2020-06-10T21:10,15168417,15168417,15168417
2020-06-10T21:20,15169206,15169206,15169206
2020-06-10T21:30,15080206,15080206,15080206
2020-06-10T21:40,15005385,15005385,15005385
2020-06-10T21:50,15011719,15011719,15011719
2020-06-10T22:00,15048960,15048960,15048960
2020-06-10T22:10,15037272,15037272,15037272
2020-06-10T22:20,15102045,15102045,15102045
2020-06-10T22:30,15120990,15120990,15120990
2020-06-10T22:40,15107966,15107966,15107966
2020-06-10T22:50,15069294,15069294,15069294
2020-06-10T23:00,15105587,15105587,15105587
2020-06-10T23:10,15080930,15080930,15080930
2020-06-10T23:20,15070631,15070631,15070631
2020-06-10T23:30,15109731,15109731,15109731
2020-06-10T23:40,15149281,15149281,15149281
2020-06-10T23:50,14962926,14962926,14962926
2020-06-11T00:00,14935291,14935291,14935291
2020-06-11T00:10,14921829,14921829,14921829
2020-06-11T00:20,14794517,14794517,14794517
2020-06-11T00:30,14813285,14813285,14813285
2020-06-11T00:40,14731672,14731672,14731672
2020-06-11T00:50,14702729,14702729,14702729
2020-06-11T01:00,14567684,14567684,14567684
2020-06-11T01:10,14663693,14663693,14663693
2020-06-11T01:20,14523969,14523969,14523969
2020-06-11T01:30,14413405,14413405,14413405
2020-06-11T01:40,14217888,14217888,14217888
2020-06-11T01:50,14296694,14296694,14296694
2020-06-11T02:00,14345226,14345226,14345226
2020-06-11T02:10,14227960,14227960,14227960
2020-06-11T02:20,14262455,14262455,14262455
2020-06-11T02:30,14162715,14162715,14162715
2020-06-11T02:40,14267909,14267909,14267909
2020-06-11T02:50,14271565,14271565,14271565
2020-06-11T03:00,14137320,14137320,14137320
2020-06-11T03:10,14080666,14080666,14080666
2020-06-11T03:20,14203608,14203608,14203608
2020-06-11T03:30,14391782,14391782,14391782
2020-06-11T03:40,14374179,14374179,14374179
2020-06-11T03:50,14339733,14339733,14339733
2020-06-11T04:00,14368813,14368813,14368813
2020-06-11T04:10,14403683,14403683,14403683
2020-06-11T04:20,14418259,14418259,14418259
2020-06-11T04:30,14372898,14372898,14372898
2020-06-11T04:40,14367276,14367276,14367276
2020-06-11T04:50,14468156,14468156,14468156
2020-06-11T05:00,14530320,14530320,14530320
2020-06-11T05:10,14486430,14486430,14486430
2020-06-11T05:20,14487417,14487417,14487417
2020-06-11T05:30,14762403,14762403,14762403
2020-06-11T05:40,14789445,14789445,14789445
2020-06-11T05:50,14787964,14787964,14787964
2020-06-11T06:00,14680983,14680983,14680983
2020-06-11T06:10,14686478,14686478,14686478
2020-06-11T06:20,15104451,15104451,15104451
2020-06-11T06:30,15547184,15547184,15547184
2020-06-11T06:40,15612312,15612312,15612312
2020-06-11T06:50,15520695,15520695,15520695
2020-06-11T07:00,15582392,15582392,15582392
2020-06-11T07:10,15554168,15554168,15554168
2020-06-11T07:20,15724033,15724033,15724033
2020-06-11T07:30,15754114,15754114,15754114
2020-06-11T07:40,15761491,15761491,15761491
2020-06-11T07:50,16009227,16009227,16009227
2020-06-11T08:00,16048417,16048417,16048417
2020-06-11T08:10,16202927,16202927,16202927
2020-06-11T08:20,16203492,16203492,16203492
2020-06-11T08:30,16208155,16208155,16208155
2020-06-11T08:40,16292358,16292358,16292358
2020-06-11T08:50,16229201,16229201,16229201
2020-06-11T09:00,16320190,16320190,16320190
2020-06-11T09:10,16438848,16438848,16438848
2020-06-11T09:20,16380798,16380798,16380798
2020-06-11T09:30,16470474,16470474,16470474
2020-06-11T09:40,16376011,16376011,16376011
2020-06-11T09:50,16625863,16625863,16625863
2020-06-11T10:00,16647789,16647789,16647789
2020-06-11T10:10,17263061,17263061,17263061
2020-06-11T10:20,17261731,17261731,17261731
2020-06-11T10:30,17417732,17417732,17417732
2020-06-11T10:40,17546912,17546912,17546912
2020-06-11T10:50,17749365,17749365,17749365
2020-06-11T11:00,17622961,17622961,17622961
2020-06-11T11:10,17558997,17558997,17558997
2020-06-11T11:20,17570220,17570220,17570220
2020-06-11T11:30,17707149,17707149,17707149
2020-06-11T11:40,17827484,17827484,17827484
2020-06-11T11:50,17916077,17916077,17916077
2020-06-11T12:00,17954712,17954712,17954712
2020-06-11T12:10,18140055,18140055,18140055
2020-06-11T12:20,17998010,17998010,17998010
2020-06-11T12:30,18068572,18068572,18068572
2020-06-11T12:40,18167895,18167895,18167895
2020-06-11T12:50,18305756,18305756,18305756
2020-06-11T13:00,18384884,18384884,18384884
2020-06-11T13:10,19206877,19206877,19206877
2020-06-11T13:20,19793631,19793631,19793631
2020-06-11T13:30,19977461,19977461,19977461
2020-06-11T13:40,20283444,20283444,20283444
2020-06-11T13:50,20632620,20632620,20632620
2020-06-11T14:00,20675822,20675822,20675822
2020-06-11T14:10,20812484,20812484,20812484
2020-06-11T14:20,20827608,20827608,20827608
2020-06-11T14:30,20651169,20651169,20651169
2020-06-11T14:40,20788069,20788069,20788069
2020-06-11T14:50,20971377,20971377,20971377
2020-06-11T15:00,20937595,20937595,20937595
2020-06-11T15:10,21055836,21055836,21055836
2020-06-11T15:20,20545071,20545071,20545071
2020-06-11T15:30,20689459,20689459,20689459
2020-06-11T15:40,20492341,20492341,20492341
2020-06-11T15:50,20636899,20636899,20636899
2020-06-11T16:00,20947522,20947522,20947522
2020-06-11T16:10,20676580,20676580,20676580
2020-06-11T16:20,20851735,20851735,20851735
2020-06-11T16:30,20699311,20699311,20699311
2020-06-11T16:40,20677680,20677680,20677680
2020-06-11T16:50,20445072,20445072,20445072
2020-06-11T17:00,19368687,19368687,19368687
2020-06-11T17:10,17672611,17672611,17672611
2020-06-11T17:20,17613315,17613315,17613315
2020-06-11T17:30,18082709,18082709,18082709
2020-06-11T17:40,17892105,17892105,17892105
2020-06-11T17:50,18028014,18028014,18028014
2020-06-11T18:00,17995936,17995936,17995936
2020-06-11T18:10,18101359,18101359,18101359
2020-06-11T18:20,18202653,18202653,18202653
2020-06-11T18:30,18235882,18235882,18235882
2020-06-11T18:40,18196797,18196797,18196797
2020-06-11T18:50,18253211,18253211,18253211
2020-06-11T19:00,18226647,18226647,18226647
2020-06-11T19:10,18214916,18214916,18214916
2020-06-11T19:20,18215391,18215391,18215391
2020-06-11T19:30,18156282,18156282,18156282
2020-06-11T19:40,18031476,18031476,18031476
2020-06-11T19:50,18055265,18055265,18055265
2020-06-11T20:00,18080208,18080208,18080208
2020-06-11T20:10,18227925,18227925,18227925
2020-06-11T20:20,17845181,17845181,17845181
2020-06-11T20:30,17879265,17879265,17879265
2020-06-11T20:40,17813146,17813146,17813146
2020-06-11T20:50,17572630,17572630,17572630
2020-06-11T21:00,17596755,17596755,17596755
2020-06-11T21:10,17599958,17599958,17599958
2020-06-11T21:20,17642530,17642530,17642530
2020-06-11T21:30,17615869,17615869,17615869
2020-06-11T21:40,17642425,17642425,17642425
2020-06-11T21:50,17612591,17612591,17612591
2020-06-11T22:00,17612644,17612644,17612644
2020-06-11T22:10,17645495,17645495,17645495
2020-06-11T22:20,17749841,17749841,17749841
2020-06-11T22:30,17726448,17726448,17726448
2020-06-11T22:40,17787120,17787120,17787120
2020-06-11T22:50,17804790,17804790,17804790
2020-06-11T23:00,17776429,17776429,17776429
2020-06-11T23:10,17653917,17653917,17653917
2020-06-11T23:20,17604474,17604474,17604474
2020-06-11T23:30,17695682,17695682,17695682
2020-06-11T23:40,17930975,17930975,17930975
2020-06-11T23:50,18047100,18047100,18047100
2020-06-12T00:00,17866145,17866145,17866145
2020-06-12T00:10,18099360,18099360,18099360
2020-06-12T00:20,18000424,18000424,18000424
2020-06-12T00:30,17938607,17938607,17938607
2020-06-12T00:40,18066719,18066719,18066719
2020-06-12T00:50,18155954,18155954,18155954
2020-06-12T01:00,18100232,18100232,18100232
2020-06-12T01:10,18223161,18223161,18223161
2020-06-12T01:20,18307899,18307899,18307899
2020-06-12T01:30,18276449,18276449,18276449
2020-06-12T01:40,17948757,17948757,17948757
2020-06-12T01:50,17876123,17876123,17876123
2020-06-12T02:00,18029995,18029995,18029995
2020-06-12T02:10,18175960,18175960,18175960
2020-06-12T02:20,18057656,18057656,18057656
2020-06-12T02:30,18108760,18108760,18108760
2020-06-12T02:40,18200579,18200579,18200579
2020-06-12T02:50,18163494,18163494,18163494
2020-06-12T03:00,18163286,18163286,18163286
2020-06-12T03:10,18103995,18103995,18103995
2020-06-12T03:20,18093624,18093624,18093624
2020-06-12T03:30,17968619,17968619,17968619
2020-06-12T03:40,17889399,17889399,17889399
2020-06-12T03:50,18103206,18103206,18103206
2020-06-12T04:00,18337898,18337898,18337898
2020-06-12T04:10,18134983,18134983,18134983
2020-06-12T04:20,18104929,18104929,18104929
2020-06-12T04:30,18106933,18106933,18106933
2020-06-12T04:40,18304037,18304037,18304037
2020-06-12T04:50,18262691,18262691,18262691
2020-06-12T05:00,18322251,18322251,18322251
2020-06-12T05:10,18263254,18263254,18263254
2020-06-12T05:20,18300887,18300887,18300887
2020-06-12T05:30,18306205,18306205,18306205
2020-06-12T05:40,18173149,18173149,18173149
2020-06-12T05:50,18096342,18096342,18096342
2020-06-12T06:00,18147937,18147937,18147937
2020-06-12T06:10,18086032,18086032,18086032
2020-06-12T06:20,18159368,18159368,18159368
2020-06-12T06:30,18292968,18292968,18292968
2020-06-12T06:40,18416905,18416905,18416905
2020-06-12T06:50,18384310,18384310,18384310
2020-06-12T07:00,18360792,18360792,18360792
2020-06-12T07:10,18267351,18267351,18267351
2020-06-12T07:20,18216081,18216081,18216081
2020-06-12T07:30,17910613,17910613,17910613
2020-06-12T07:40,17758468,17758468,17758468
2020-06-12T07:50,17608086,17608086,17608086
2020-06-12T08:00,17609177,17609177,17609177
2020-06-12T08:10,17603185,17603185,17603185
2020-06-12T08:20,17603300,17603300,17603300
2020-06-12T08:30,17523178,17523178,17523178
2020-06-12T08:40,17635127,17635127,17635127
2020-06-12T08:50,17493275,17493275,17493275
2020-06-12T09:00,17478890,17478890,17478890
2020-06-12T09:10,17488952,17488952,17488952
2020-06-12T09:20,17364434,17364434,17364434
2020-06-12T09:30,17572350,17572350,17572350
2020-06-12T09:40,17646627,17646627,17646627
2020-06-12T09:50,17673364,17673364,17673364
2020-06-12T10:00,17510416,17510416,17510416
2020-06-12T10:10,17579490,17579490,17579490
2020-06-12T10:20,17646612,17646612,17646612
2020-06-12T10:30,17623858,17623858,17623858
2020-06-12T10:40,17640614,17640614,17640614
2020-06-12T10:50,17686993,17686993,17686993
2020-06-12T11:00,17624144,17624144,17624144
2020-06-12T11:10,17631287,17631287,17631287
2020-06-12T11:20,17498320,17498320,17498320
2020-06-12T11:30,17613911,17613911,17613911
2020-06-12T11:40,17691255,17691255,17691255
2020-06-12T11:50,17850284,17850284,17850284
2020-06-12T12:00,17712304,17712304,17712304
2020-06-12T12:10,17701007,17701007,17701007
2020-06-12T12:20,17912778,17912778,17912778
2020-06-12T12:30,17676168,17676168,17676168
2020-06-12T12:40,17585766,17585766,17585766
2020-06-12T12:50,17732759,17732759,17732759
2020-06-12T13:00,17929731,17929731,17929731
2020-06-12T13:10,17920961,17920961,17920961
2020-06-12T13:20,17929362,17929362,17929362
2020-06-12T13:30,17988200,17988200,17988200
2020-06-12T13:40,18395937,18395937,18395937
2020-06-12T13:50,18263285,18263285,18263285
2020-06-12T14:00,18065110,18065110,18065110
2020-06-12T14:10,17952349,17952349,17952349
2020-06-12T14:20,17467857,17467857,17467857
2020-06-12T14:30,17602266,17602266,17602266
2020-06-12T14:40,17604774,17604774,17604774
2020-06-12T14:50,17702401,17702401,17702401
2020-06-12T15:00,17410526,17410526,17410526
2020-06-12T15:10,17342004,17342004,17342004
2020-06-12T15:20,17394191,17394191,17394191
2020-06-12T15:30,17457070,17457070,17457070
2020-06-12T15:40,17607579,17607579,17607579
2020-06-12T15:50,17674416,17674416,17674416
2020-06-12T16:00,17562863,17562863,17562863
2020-06-12T16:10,17522088,17522088,17522088
2020-06-12T16:20,17512734,17512734,17512734
2020-06-12T16:30,17489771,17489771,17489771
2020-06-12T16:40,17568008,17568008,17568008
2020-06-12T16:50,17594365,17594365,17594365
2020-06-12T17:00,17506643,17506643,17506643
2020-06-12T17:10,17423398,17423398,17423398
2020-06-12T17:20,17442851,17442851,17442851
2020-06-12T17:30,17444560,17444560,17444560
2020-06-12T17:40,17416996,17416996,17416996
2020-06-12T17:50,17493717,17493717,17493717
2020-06-12T18:00,17528006,17528006,17528006
2020-06-12T18:10,17413350,17413350,17413350
2020-06-12T18:20,17440744,17440744,17440744
2020-06-12T18:30,17424649,17424649,17424649
2020-06-12T18:40,17382008,17382008,17382008
2020-06-12T18:50,17360521,17360521,17360521
2020-06-12T19:00,17382521,17382521,17382521
2020-06-12T19:10,17286457,17286457,17286457
